sequenceID,X1.lower,X1.upper,X2.lower,X2.upper,X3.lower,X3.upper,X4.lower,X4.upper,X5.lower,X5.upper,X6.lower,X6.upper,X7.lower,X7.upper,X8.lower,X8.upper,X9.lower,X9.upper,X10.lower,X10.upper,X11.lower,X11.upper,X12.lower,X12.upper,X13.lower,X13.upper,X14.lower,X14.upper,X15.lower,X15.upper,X16.lower,X16.upper,X17.lower,X17.upper,X18.lower,X18.upper,X19.lower,X19.upper,X20.lower,X20.upper
H3K36me3_TDH_ENCODE/samples/aorta/ENCFF131OQD/problems/chr5:100000-17500000,8.15676132374466,9.288560464953662,7.8034153124130645,9.461660321409,8.077751337272149,9.637204166725642,8.146438095932567,9.62949552937135,7.7935049889610815,9.47894559629414,7.910368706521012,9.51822070455114,7.915488101552228,9.52015381247702,8.020817984454855,9.305960794214032,7.879894730933302,9.331225024307956,8.14840723071984,9.601919489475677,7.879875614019511,9.331225951386953,8.145838185937919,9.599214030316261,8.145838185937919,9.599214030316261,7.858766127506746,9.605748797128584,7.624723820569301,9.326947706260853,8.37557515742082,9.673716122254433,7.692473628309359,9.424845157522324,7.692473628309359,9.424845157522324,0,0,1,1
H3K36me3_TDH_ENCODE/samples/aorta/ENCFF131OQD/problems/chr6:60000-58087659,8.15669972879266,9.2902185355224,7.88707435499118,9.589308824422005,8.065279624036961,9.49878883802386,8.146459339867619,9.629848482661885,7.906838432524851,9.536252658079192,8.348754227753489,9.729800539481403,8.349995629589557,9.730531589947987,8.148675199497676,9.351202576199935,7.995295970899406,9.403128534599482,7.963735268383061,9.430498468599126,7.9952577834737895,9.403124432698707,7.965330128929963,9.434619524143272,7.965330128929963,9.434619524143272,7.858766127506746,9.605748797128584,7.624723820569301,9.326947706260853,8.37557515742082,9.673716122254433,7.692473628309359,9.424845157522324,7.692473628309359,9.424845157522324,0,0,1,1
H3K36me3_TDH_ENCODE/samples/aorta/ENCFF131OQD/problems/chr6:62178589-95680543,8.166767220554107,9.019213366786971,8.037306209254632,9.693599511006141,8.040281615937504,9.022101166688497,8.14643787871563,9.629491920492331,7.808260066573286,9.486500400366943,8.145778156818324,9.631843631632591,8.148941843271132,9.63319335935148,7.985976361278407,9.298809328358937,7.852471393709948,9.315956497485027,7.786533418060571,9.266016851877566,7.85245658232634,9.315958679623753,7.78880388791049,9.273658031507239,7.78880388791049,9.273658031507239,7.858766127506746,9.605748797128584,7.624723820569301,9.326947706260853,8.37557515742082,9.673716122254433,7.692473628309359,9.424845157522324,7.692473628309359,9.424845157522324,0,0,1,1
H3K36me3_TDH_ENCODE/samples/aorta/ENCFF131OQD/problems/chr7:62500000-74715724,8.155920591776237,9.311192081468107,8.037306209254632,9.693599511006141,8.05938714944052,9.416082871085676,8.146457900692795,9.629824571582017,7.890951559862659,9.52831547958106,7.772850074125699,9.451839100435564,7.778897549520252,9.454008365744585,8.159542009418452,9.356971831201102,8.006109894793099,9.410552495580731,7.786533418060571,9.266016851877566,8.006069841471799,9.410547950936712,7.78880388791049,9.273658031507239,7.78880388791049,9.273658031507239,7.858766127506746,9.605748797128584,7.624723820569301,9.326947706260853,8.37557515742082,9.673716122254433,7.692473628309359,9.424845157522324,7.692473628309359,9.424845157522324,0,0,1,1
H3K36me3_TDH_ENCODE/samples/aorta/ENCFF131OQD/problems/chr8:48135599-86500000,8.087171158721162,11.161901566674715,7.88707435499118,9.589308824422005,9.02659727806602,10.279011767371413,8.146436166029034,9.629463465649508,7.7990570562173005,9.481791809492362,8.183173754701102,9.64989168185707,8.186045097281294,9.651157449095535,8.06392206380119,9.317356976429085,7.915709864630571,9.352173753505696,8.955817960131753,10.35146154400445,7.915684993799914,9.352173070025414,8.948148567043063,10.330820844936397,8.948148567043063,10.330820844936397,7.858766127506746,9.605748797128584,7.624723820569301,9.326947706260853,8.37557515742082,9.673716122254433,7.692473628309359,9.424845157522324,7.692473628309359,9.424845157522324,0,0,1,1
H3K36me3_TDH_ENCODE/samples/aorta/ENCFF131OQD/problems/chr8:87000000-142766515,8.163923546563638,9.09576155974355,7.88707435499118,9.589308824422005,8.046969409994505,9.187985201521672,8.146438344318597,9.629499656099394,7.833654709808068,9.499434616094634,8.322692923238037,9.717223875637046,8.32438012557509,9.718130766386821,8.032209346143276,9.30867275811783,7.8892578417676305,9.336589301429221,7.8504668059295,9.325360255318856,7.889237234922803,9.336589804050577,7.8529299474826075,9.332129684861911,7.8529299474826075,9.332129684861911,7.858766127506746,9.605748797128584,7.624723820569301,9.326947706260853,8.37557515742082,9.673716122254433,7.692473628309359,9.424845157522324,7.692473628309359,9.424845157522324,0,0,1,1
H3K36me3_TDH_ENCODE/samples/aorta/ENCFF654ZIL/problems/chr5:100000-17500000,8.148916831997894,9.499726440525592,8.282124672157028,9.781772006861502,8.10320837604592,9.822489497128648,8.146512038888702,9.630724065804756,8.337401491349144,9.741821513191114,8.091341172246302,9.605570325130884,8.094148754774551,9.60666372014066,8.39909924599988,9.64583499222411,8.311554113532566,9.681344523400824,8.38981590114463,9.826014640609628,8.31145577672578,9.681331563155254,8.37789092340563,9.810812441772669,8.37789092340563,9.810812441772669,8.433298157704446,9.731486486386274,8.336735069483844,9.744921001770763,8.37557515742082,9.673716122254433,8.499629880361125,9.815854111947923,8.499629880361125,9.815854111947923,0,0,1,1
H3K36me3_TDH_ENCODE/samples/aorta/ENCFF654ZIL/problems/chr6:60000-58087659,8.155387838886327,9.325533233757596,8.282124672157028,9.781772006861502,8.066515697197774,9.514537537933291,8.146542543648636,9.63123091248184,8.574128211014536,9.848660531074184,8.53268326609259,9.818555936270968,8.531487068348724,9.818388504534596,8.467184705588522,9.828516943767626,8.433139309022408,9.830477156335986,8.14840723071984,9.601919489475677,8.433014772717797,9.830464651027903,8.145838185937919,9.599214030316261,8.145838185937919,9.599214030316261,8.433298157704446,9.731486486386274,8.336735069483844,9.744921001770763,8.37557515742082,9.673716122254433,8.499629880361125,9.815854111947923,8.499629880361125,9.815854111947923,0,0,1,1
H3K36me3_TDH_ENCODE/samples/aorta/ENCFF654ZIL/problems/chr6:62178589-95680543,8.163622966223045,9.103852820764587,8.282124672157028,9.781772006861502,8.051257163828087,9.276659435110775,8.146517739357222,9.630818780055126,8.391634094976261,9.766627297441936,8.332755136677179,9.722079719565045,8.333492500407829,9.722542216939473,8.370866841643581,9.58805388585363,8.268068723062242,9.634501793942105,8.061856076324148,9.521578019490335,8.26797934197566,9.634489352738584,8.06161752085427,9.522417953269269,8.06161752085427,9.522417953269269,8.433298157704446,9.731486486386274,8.336735069483844,9.744921001770763,8.37557515742082,9.673716122254433,8.499629880361125,9.815854111947923,8.499629880361125,9.815854111947923,0,0,1,1
H3K36me3_TDH_ENCODE/samples/aorta/ENCFF654ZIL/problems/chr7:62500000-74715724,8.152024048529995,9.416083092458393,8.654289673502854,9.858147517277303,8.070081478250945,9.557242243585062,8.1465573526459,9.631476973235578,8.520889534499545,9.824946747463528,7.952864353479072,9.538732767757892,7.956329666265674,9.539930694462328,8.476899088324746,9.860556624738797,8.453619409291605,9.858495323218404,8.14840723071984,9.601919489475677,8.45349029182671,9.858483228599512,8.145838185937919,9.599214030316261,8.145838185937919,9.599214030316261,8.433298157704446,9.731486486386274,8.336735069483844,9.744921001770763,8.37557515742082,9.673716122254433,8.499629880361125,9.815854111947923,8.499629880361125,9.815854111947923,0,0,1,1
H3K36me3_TDH_ENCODE/samples/aorta/ENCFF654ZIL/problems/chr8:48135599-86500000,8.104880854413466,10.685154114667966,8.037306209254632,9.693599511006141,8.717225066182717,10.265709106205717,8.146514219192682,9.630760291874886,8.364906031871158,9.754427966609551,8.36981102404593,9.739961997462842,8.370278575747761,9.740350708309961,8.395566774986996,9.638098050485619,8.305958259425552,9.675137288993383,9.080701007786956,10.467403610047995,8.3058610873195,9.675124378044588,9.05874397923617,10.43167361858923,9.05874397923617,10.43167361858923,8.433298157704446,9.731486486386274,8.336735069483844,9.744921001770763,8.37557515742082,9.673716122254433,8.499629880361125,9.815854111947923,8.499629880361125,9.815854111947923,0,0,1,1
H3K36me3_TDH_ENCODE/samples/aorta/ENCFF654ZIL/problems/chr8:87000000-142766515,8.162536581922893,9.133096993588879,8.282124672157028,9.781772006861502,8.050404787421854,9.259972490019676,8.146521216696868,9.630876556850094,8.443510646471365,9.79016530967377,8.509522090258315,9.807379944781133,8.508751241861091,9.807383018513292,8.39787198813348,9.643129782340695,8.310166207926613,9.67979993218337,8.061856076324148,9.521578019490335,8.310068160330047,9.679786983660305,8.06161752085427,9.522417953269269,8.06161752085427,9.522417953269269,8.433298157704446,9.731486486386274,8.336735069483844,9.744921001770763,8.37557515742082,9.673716122254433,8.499629880361125,9.815854111947923,8.499629880361125,9.815854111947923,0,0,1,1
H3K36me3_TDH_ENCODE/samples/aorta/ENCFF717XWS/problems/chr5:100000-17500000,8.127239925098365,10.083253715871251,8.654289673502854,9.858147517277303,8.142234183879138,9.979310167338985,8.14653994448723,9.631187726083517,8.557251479295042,9.841161780961054,8.070478321293422,9.595500933452513,8.07315508031138,9.596498794544004,8.59142723886874,10.394386456767126,8.726360231348735,10.330841543648422,8.498891613359774,9.927270743885629,8.726165485941237,10.330848751991011,8.481629850087756,9.905408518380455,8.481629850087756,9.905408518380455,8.433298157704446,9.731486486386274,8.336735069483844,9.744921001770763,8.37557515742082,9.673716122254433,8.499629880361125,9.815854111947923,8.499629880361125,9.815854111947923,0,0,1,1
H3K36me3_TDH_ENCODE/samples/aorta/ENCFF717XWS/problems/chr6:60000-58087659,8.133782149929516,9.907140587803951,9.191260612953261,9.925513196001248,8.10950507641442,9.855444866880239,8.146574357614128,9.631759524940147,8.886085031684436,9.984435487788776,8.520290424804898,9.81257602041137,8.518850180370237,9.812271521731418,8.632258982327244,10.676117261788434,8.860870022226209,10.648905729004785,8.359815952600002,9.798165725397894,8.860639746908419,10.648936414747716,8.349250264295733,9.784696111742733,8.349250264295733,9.784696111742733,8.433298157704446,9.731486486386274,8.336735069483844,9.744921001770763,8.37557515742082,9.673716122254433,8.499629880361125,9.815854111947923,8.499629880361125,9.815854111947923,0,0,1,1
H3K36me3_TDH_ENCODE/samples/aorta/ENCFF717XWS/problems/chr6:62178589-95680543,8.139978237876903,9.74034605750785,8.282124672157028,9.781772006861502,8.099938195869438,9.803760957417305,8.146512590900358,9.630733237553546,8.383458015102345,9.762900825696189,8.280175431630369,9.696705402153839,8.281406299054197,9.697326094878918,8.487554501018193,9.897684886606248,8.471185997082102,9.883249995567898,8.106404910910442,9.56293050625004,8.47105291157277,9.883238342766395,8.105044321138394,9.562016341739763,8.105044321138394,9.562016341739763,8.433298157704446,9.731486486386274,8.336735069483844,9.744921001770763,8.37557515742082,9.673716122254433,8.499629880361125,9.815854111947923,8.499629880361125,9.815854111947923,0,0,1,1
H3K36me3_TDH_ENCODE/samples/aorta/ENCFF717XWS/problems/chr7:62500000-74715724,8.12936078251937,10.02616129676062,8.282124672157028,9.781772006861502,8.122102337194503,9.911169176051349,8.146584309044329,9.63192487798337,8.896690696615568,9.988964189045836,7.947408711723483,9.536099431230241,7.950625431839853,9.537168539159211,8.651972489773733,10.834690632309977,8.935677129313262,10.85684406479108,8.359815952600002,9.798165725397894,8.935426189925238,10.856893694316625,8.349250264295733,9.784696111742733,8.349250264295733,9.784696111742733,8.433298157704446,9.731486486386274,8.336735069483844,9.744921001770763,8.37557515742082,9.673716122254433,8.499629880361125,9.815854111947923,8.499629880361125,9.815854111947923,0,0,1,1
H3K36me3_TDH_ENCODE/samples/aorta/ENCFF717XWS/problems/chr8:48135599-86500000,8.123446946479703,10.185359021883414,8.037306209254632,9.693599511006141,8.292408944051568,10.178411197369488,8.146507837370308,9.630654257135596,8.369188195121396,9.756385813795205,8.3224105788197,9.7170876208952,8.32334200849823,9.717628195255202,8.498297854357734,9.937334257420764,8.492864346758779,9.914747432186164,8.942078738117743,10.338706136826886,8.492726315276741,9.914736445371828,8.923669466937099,10.308498289797853,8.923669466937099,10.308498289797853,8.433298157704446,9.731486486386274,8.336735069483844,9.744921001770763,8.37557515742082,9.673716122254433,8.499629880361125,9.815854111947923,8.499629880361125,9.815854111947923,0,0,1,1
H3K36me3_TDH_ENCODE/samples/aorta/ENCFF717XWS/problems/chr8:87000000-142766515,8.135314423522914,9.865892739991068,8.654289673502854,9.858147517277303,8.115487791746222,9.883439006195198,8.146526895825332,9.630970917208781,8.521383623424652,9.82516762182076,8.474216983795941,9.79034385588534,8.473677824795004,9.790405104713273,8.54069585597835,10.11797284156275,8.590028990568499,10.069750909862723,8.29587250737768,9.738807600776454,8.589868123774977,10.069744776333046,8.288031500962916,9.728873239853101,8.288031500962916,9.728873239853101,8.433298157704446,9.731486486386274,8.336735069483844,9.744921001770763,8.37557515742082,9.673716122254433,8.499629880361125,9.815854111947923,8.499629880361125,9.815854111947923,0,0,1,1
H3K36me3_TDH_ENCODE/samples/colon/ENCFF161KDY/problems/chr5:100000-17500000,8.149706408456609,9.478471766390612,8.037306209254632,9.693599511006141,8.082141779634313,9.676841750568258,8.146512045026526,9.630724167785598,8.340186346881794,9.743100396978724,8.088659440899846,9.604276002047072,8.091489263469839,9.605376028557657,8.409579009680867,9.66970062414268,8.328468845153111,9.700439594611822,8.061856076324148,9.521578019490335,8.328366965780333,9.700426518889083,8.06161752085427,9.522417953269269,8.06161752085427,9.522417953269269,8.433298157704446,9.731486486386274,8.336735069483844,9.744921001770763,8.37557515742082,9.673716122254433,8.499629880361125,9.815854111947923,8.499629880361125,9.815854111947923,0,0,1,1
H3K36me3_TDH_ENCODE/samples/colon/ENCFF161KDY/problems/chr6:60000-58087659,8.15035241397726,9.461081899417877,8.282124672157028,9.781772006861502,8.080538393974349,9.662826972503344,8.146534757824199,9.631101547282686,8.530540917652656,9.829258511800733,8.52149248539422,9.813156052296108,8.52047432262566,9.813057702957167,8.470010738030238,9.837664842942486,8.438027260626313,9.837083239704238,8.32853932885746,9.76913183263423,8.437901635345042,9.837070822528514,8.319336611287326,9.757419048957672,8.319336611287326,9.757419048957672,8.433298157704446,9.731486486386274,8.336735069483844,9.744921001770763,8.37557515742082,9.673716122254433,8.499629880361125,9.815854111947923,8.499629880361125,9.815854111947923,0,0,1,1
H3K36me3_TDH_ENCODE/samples/colon/ENCFF161KDY/problems/chr6:62178589-95680543,8.160646959112682,9.183963447128008,8.282124672157028,9.781772006861502,8.057089278717703,9.379977152356533,8.146509176346271,9.63067650433674,8.359481815496041,9.751946100644739,8.3236912596185,9.71770565607676,8.324597429874302,9.718235967262444,8.368099392685506,9.582865620929958,8.263365051747769,9.629622514374491,7.963735268383061,9.430498468599126,8.263276626279549,9.629610147163508,7.965330128929963,9.434619524143272,7.965330128929963,9.434619524143272,8.433298157704446,9.731486486386274,8.336735069483844,9.744921001770763,8.37557515742082,9.673716122254433,8.499629880361125,9.815854111947923,8.499629880361125,9.815854111947923,0,0,1,1
H3K36me3_TDH_ENCODE/samples/colon/ENCFF161KDY/problems/chr7:62500000-74715724,8.150792256943646,9.44924174112748,8.037306209254632,9.693599511006141,8.073074128246272,9.590230967972326,8.146539993910295,9.631188547272057,8.492148505296685,9.812072333359634,7.949590538510392,9.53715255926818,7.953272397573755,9.538450277743095,8.471303918372712,9.841897732915836,8.440799146286736,9.840851858811224,8.106404910910442,9.56293050625004,8.440672902238475,9.840839494333737,8.105044321138394,9.562016341739763,8.105044321138394,9.562016341739763,8.433298157704446,9.731486486386274,8.336735069483844,9.744921001770763,8.37557515742082,9.673716122254433,8.499629880361125,9.815854111947923,8.499629880361125,9.815854111947923,0,0,1,1
H3K36me3_TDH_ENCODE/samples/colon/ENCFF161KDY/problems/chr8:48135599-86500000,8.100642870953948,10.799240649022977,8.282124672157028,9.781772006861502,8.757209621074152,10.268203941410297,8.146509158158992,9.630676202153538,8.343767619068394,9.74474419409408,8.3669563260637,9.738584401867456,8.367502836356152,9.73900696042324,8.393173486100139,9.632941845274138,8.301698725682854,9.67044850654898,9.103320006035574,10.488403480599345,8.301602437715701,9.670435636716345,9.05874397923617,10.43167361858923,9.05874397923617,10.43167361858923,8.433298157704446,9.731486486386274,8.336735069483844,9.744921001770763,8.37557515742082,9.673716122254433,8.499629880361125,9.815854111947923,8.499629880361125,9.815854111947923,0,0,1,1
H3K36me3_TDH_ENCODE/samples/colon/ENCFF161KDY/problems/chr8:87000000-142766515,8.158966387656847,9.229202540171173,8.037306209254632,9.693599511006141,8.063059597761159,9.469173934166996,8.146509718225388,9.63068550771164,8.382377269957097,9.762407899616985,8.496469358070726,9.801081531296859,8.495932535955035,9.801177937736611,8.381753458694662,9.609262791995656,8.283966198204325,9.651259885602867,8.106404910910442,9.56293050625004,8.28387356840176,9.651247219320904,8.105044321138394,9.562016341739763,8.105044321138394,9.562016341739763,8.433298157704446,9.731486486386274,8.336735069483844,9.744921001770763,8.37557515742082,9.673716122254433,8.499629880361125,9.815854111947923,8.499629880361125,9.815854111947923,0,0,1,1
H3K36me3_TDH_ENCODE/samples/colon/ENCFF496CCH/problems/chr5:100000-17500000,8.177359806300046,8.734075445602684,8.037306209254632,9.693599511006141,8.022776754013345,8.325153172533687,8.146493900759822,9.630422700533327,8.196971266753891,9.676571001638486,8.08647769160575,9.603222991193206,8.0895235631167,9.604424260294081,8.231555068205827,9.406479158973568,8.085295328583015,9.468898253299429,7.8504668059295,9.325360255318856,8.085241200443306,9.46889067753004,7.8529299474826075,9.332129684861911,7.8529299474826075,9.332129684861911,8.433298157704446,9.731486486386274,8.336735069483844,9.744921001770763,8.37557515742082,9.673716122254433,8.499629880361125,9.815854111947923,8.499629880361125,9.815854111947923,0,0,1,1
H3K36me3_TDH_ENCODE/samples/colon/ENCFF496CCH/problems/chr6:60000-58087659,8.174227124463982,8.818402724778934,8.282124672157028,9.781772006861502,8.028308826019245,8.601809531953746,8.146510393072674,9.630696720371358,8.332134052073572,9.739401019740523,8.512194283752478,9.808669368882875,8.51151930677247,9.808722934078787,8.308510077401733,9.488771729630757,8.180163504358006,9.548969225764854,7.909280936380128,9.379952526301167,8.180091559983339,9.548958664408225,7.911473825327903,9.385511627795267,7.911473825327903,9.385511627795267,8.433298157704446,9.731486486386274,8.336735069483844,9.744921001770763,8.37557515742082,9.673716122254433,8.499629880361125,9.815854111947923,8.499629880361125,9.815854111947923,0,0,1,1
H3K36me3_TDH_ENCODE/samples/colon/ENCFF496CCH/problems/chr6:62178589-95680543,8.181506959330022,8.622440363214082,8.037306209254632,9.693599511006141,8.014864855492988,7.778309516949879,8.146502392625152,9.630563792464596,8.25949151054119,9.705809939173129,8.320942186929642,9.716378998943355,8.321945228320374,9.716951988362325,8.247363535717462,9.420500974001262,8.103947943270668,9.483721254247353,7.963735268383061,9.430498468599126,8.103890394295377,9.483713028187058,7.965330128929963,9.434619524143272,7.965330128929963,9.434619524143272,8.433298157704446,9.731486486386274,8.336735069483844,9.744921001770763,8.37557515742082,9.673716122254433,8.499629880361125,9.815854111947923,8.499629880361125,9.815854111947923,0,0,1,1
H3K36me3_TDH_ENCODE/samples/colon/ENCFF496CCH/problems/chr7:62500000-74715724,8.174674919147492,8.806348725501266,7.8034153124130645,9.461660321409,8.026446057927437,8.51611755861532,8.146502023123787,9.630557653197858,8.213405694758846,9.684287520607697,7.9214469208877745,9.523568051734856,7.925777004206793,9.525136098014173,8.260376418172605,9.433064325251578,8.11928391636593,9.496235331720971,7.909280936380128,9.379952526301167,8.119223524707195,9.496226592322436,7.911473825327903,9.385511627795267,7.911473825327903,9.385511627795267,8.433298157704446,9.731486486386274,8.336735069483844,9.744921001770763,8.37557515742082,9.673716122254433,8.499629880361125,9.815854111947923,8.499629880361125,9.815854111947923,0,0,1,1
H3K36me3_TDH_ENCODE/samples/colon/ENCFF496CCH/problems/chr8:48135599-86500000,8.098041477066829,10.869270360655719,7.88707435499118,9.589308824422005,8.963083918596007,10.277133217693208,8.146495197188358,9.630444240569847,8.253074968295484,9.702823461710697,8.366037465672889,9.738140985668906,8.366743928821052,9.738639569480483,8.28705621016667,9.4620143743027,8.151310188372918,9.523352722512422,9.092097486748116,10.477984288340167,8.151243772680573,9.523342978970879,9.088666082926466,10.458959955019282,9.088666082926466,10.458959955019282,8.433298157704446,9.731486486386274,8.336735069483844,9.744921001770763,8.37557515742082,9.673716122254433,8.499629880361125,9.815854111947923,8.499629880361125,9.815854111947923,0,0,1,1
H3K36me3_TDH_ENCODE/samples/colon/ENCFF496CCH/problems/chr8:87000000-142766515,8.181576385433175,8.620571520499652,7.88707435499118,9.589308824422005,8.014708062955368,7.765043548202988,8.146499376360453,9.63051367726516,8.264636745895814,9.708202387013477,8.493221979925693,9.799514547405806,8.49282500698655,9.799673685795824,8.248180990141321,9.42126221807974,8.104669957965598,9.484303733333133,7.909280936380128,9.379952526301167,8.104612275767067,9.484295482661798,7.911473825327903,9.385511627795267,7.911473825327903,9.385511627795267,8.433298157704446,9.731486486386274,8.336735069483844,9.744921001770763,8.37557515742082,9.673716122254433,8.499629880361125,9.815854111947923,8.499629880361125,9.815854111947923,0,0,1,1
H3K36me3_TDH_ENCODE/samples/skeletalMuscle/ENCFF000BLH/problems/chr5:100000-17500000,8.087259881465172,11.159513122683165,7.88707435499118,9.589308824422005,8.52564525335022,10.246882537961069,8.147872420209126,9.653339025083405,8.097642452890987,9.629441477478583,7.757905569781769,9.444624940726271,7.748653559518971,9.43936163153694,8.515995306132048,10.007824216602991,8.630899843713905,10.142292339654507,8.65780324636171,10.07479356496151,8.63072904575165,10.142289305327441,8.631806257609242,10.04235074027656,8.631806257609242,10.04235074027656,7.858766127506746,9.605748797128584,8.336735069483844,9.744921001770763,7.72539477738418,9.568584667544354,7.692473628309359,9.424845157522324,7.692473628309359,9.424845157522324,0,0,1,1
H3K36me3_TDH_ENCODE/samples/skeletalMuscle/ENCFF000BLH/problems/chr6:60000-58087659,8.137715658627428,9.801253084716336,8.282124672157028,9.781772006861502,8.098344229684967,9.794191398499438,8.147836942066021,9.652748930941176,7.9531844337521695,9.559241361391633,8.244417431635384,9.679448617080197,8.231498963865306,9.673164049519073,8.329531875896242,9.51839363942525,8.305386190858371,9.674505761224042,8.106404910910442,9.56293050625004,8.305289137617365,9.674492855617993,8.105044321138394,9.562016341739763,8.105044321138394,9.562016341739763,7.858766127506746,9.605748797128584,8.336735069483844,9.744921001770763,7.72539477738418,9.568584667544354,7.692473628309359,9.424845157522324,7.692473628309359,9.424845157522324,0,0,1,1
H3K36me3_TDH_ENCODE/samples/skeletalMuscle/ENCFF000BLH/problems/chr6:62178589-95680543,8.132716065254499,9.935838948622404,8.037306209254632,9.693599511006141,8.11263109334279,9.870444160990917,8.147778606011059,9.651778685689848,7.774427596239922,9.469133208424454,7.941103925224297,9.53305621862205,7.931348476559151,9.527834007677257,8.220009910717135,9.397037249203976,8.166532922280112,9.536724224701848,8.014431861789035,9.477556819934307,8.166463601694886,9.536714038802426,8.015194265921764,9.480087418860876,8.015194265921764,9.480087418860876,7.858766127506746,9.605748797128584,8.336735069483844,9.744921001770763,7.72539477738418,9.568584667544354,7.692473628309359,9.424845157522324,7.692473628309359,9.424845157522324,0,0,1,1
H3K36me3_TDH_ENCODE/samples/skeletalMuscle/ENCFF000BLH/problems/chr7:62500000-74715724,8.13885705162204,9.770527582897557,7.88707435499118,9.589308824422005,8.11099761642267,9.862711792648959,8.147601431796048,9.648832195904472,7.935087214384266,9.550293571862772,7.736346184970444,9.434217476648882,7.7302286307542545,9.430438566196244,8.298651380598525,9.476063933537304,8.247435464057617,9.613361224180117,8.261686115839893,9.707072958606886,8.247350255924175,9.613349131636758,8.319336611287326,9.757419048957672,8.319336611287326,9.757419048957672,7.858766127506746,9.605748797128584,8.336735069483844,9.744921001770763,7.72539477738418,9.568584667544354,7.692473628309359,9.424845157522324,7.692473628309359,9.424845157522324,0,0,1,1
H3K36me3_TDH_ENCODE/samples/skeletalMuscle/ENCFF000BLH/problems/chr8:48135599-86500000,8.133949800066091,9.902627548604869,7.88707435499118,9.589308824422005,8.114722068496032,9.880019706646353,8.147801477478495,9.652159078648378,7.78606331619555,9.475124037748573,7.999805115289291,9.56138987466079,7.989311198725773,9.555901115305232,8.205301118879616,9.385911423704753,8.152031623532821,9.523979293075158,8.106404910910442,9.56293050625004,8.151965070776896,9.523969528039755,8.105044321138394,9.562016341739763,8.105044321138394,9.562016341739763,7.858766127506746,9.605748797128584,8.336735069483844,9.744921001770763,7.72539477738418,9.568584667544354,7.692473628309359,9.424845157522324,7.692473628309359,9.424845157522324,0,0,1,1
H3K36me3_TDH_ENCODE/samples/skeletalMuscle/ENCFF000BLH/problems/chr8:87000000-142766515,8.129896360647876,10.011743815979571,9.935156397191223,9.985772025599545,8.189572304694284,10.079896059022753,8.147788089570554,9.65193641323173,7.8022468088056405,9.483425101263467,8.16126147938894,9.639316314699727,8.149568597849793,9.633496815283706,8.219683896582765,9.396779921852186,8.16701799629027,9.5371555432753,8.38981590114463,9.826014640609628,8.166948582698751,9.537145343673254,8.669206306043634,10.076455185478608,8.669206306043634,10.076455185478608,7.858766127506746,9.605748797128584,8.336735069483844,9.744921001770763,7.72539477738418,9.568584667544354,7.692473628309359,9.424845157522324,7.692473628309359,9.424845157522324,0,0,1,1
H3K36me3_TDH_ENCODE/samples/skeletalMuscle/ENCFF000BLL/problems/chr5:100000-17500000,8.12190734897473,10.226804386727053,7.8034153124130645,9.461660321409,8.240639842469783,10.140736973908709,8.14828935340607,9.660274941173686,7.584871595769859,9.368536264387764,7.766494527820441,9.44877109511799,7.752624700509159,9.441284814274923,7.78217214277813,9.278592978691087,7.8486987083852,9.313906550629433,8.261686115839893,9.707072958606886,7.848684482522913,9.313908906671292,8.255199122531849,9.698934854029858,8.255199122531849,9.698934854029858,7.58034215728519,9.391255945511631,7.624723820569301,9.326947706260853,7.72539477738418,9.568584667544354,7.692473628309359,9.424845157522324,7.692473628309359,9.424845157522324,0,0,1,1
H3K36me3_TDH_ENCODE/samples/skeletalMuscle/ENCFF000BLL/problems/chr6:60000-58087659,8.147732890531984,9.531597082114786,7.88707435499118,9.589308824422005,8.082418569919968,9.679210031994113,8.148249475991932,9.65961146022336,7.5696256717808605,9.360164691032432,8.25140695392497,9.6828217819359,8.233930091841785,9.67434106862629,7.563040069576008,9.273761870076651,7.729919887438882,9.255158351384393,7.8504668059295,9.325360255318856,7.72992325503219,9.255166277342754,7.8529299474826075,9.332129684861911,7.8529299474826075,9.332129684861911,7.58034215728519,9.391255945511631,7.624723820569301,9.326947706260853,7.72539477738418,9.568584667544354,7.692473628309359,9.424845157522324,7.692473628309359,9.424845157522324,0,0,1,1
H3K36me3_TDH_ENCODE/samples/skeletalMuscle/ENCFF000BLL/problems/chr6:62178589-95680543,8.15071375463873,9.451354948941116,8.037306209254632,9.693599511006141,8.076341291564862,9.623591557933809,8.14803050621255,9.655968607320574,7.472029558614827,9.305355915456042,7.959186424670179,9.541784303825352,7.946533148976641,9.535186931421322,7.148623513426143,9.272812894723396,7.554390527068335,9.18601033103706,7.7165037639260845,9.201015628533696,7.5544169091144795,9.18602649556818,7.717917646530168,9.209022624146883,7.717917646530168,9.209022624146883,7.58034215728519,9.391255945511631,7.624723820569301,9.326947706260853,7.72539477738418,9.568584667544354,7.692473628309359,9.424845157522324,7.692473628309359,9.424845157522324,0,0,1,1
H3K36me3_TDH_ENCODE/samples/skeletalMuscle/ENCFF000BLL/problems/chr7:62500000-74715724,8.142798887000481,9.66441632742135,7.88707435499118,9.589308824422005,8.112989136626775,9.872109079500413,8.148046327987984,9.656231802617853,7.52950063756114,9.337897108681311,7.663030841509908,9.398824698332419,7.652673454972501,9.392878016248915,7.474524148793228,9.273236226881414,7.676002175967369,9.231873342190752,7.963735268383061,9.430498468599126,7.67601299182752,9.23188381892499,7.965330128929963,9.434619524143272,7.965330128929963,9.434619524143272,7.58034215728519,9.391255945511631,7.624723820569301,9.326947706260853,7.72539477738418,9.568584667544354,7.692473628309359,9.424845157522324,7.692473628309359,9.424845157522324,0,0,1,1
H3K36me3_TDH_ENCODE/samples/skeletalMuscle/ENCFF000BLL/problems/chr8:48135599-86500000,8.134417666461047,9.890032874185636,7.88707435499118,9.589308824422005,8.2188754782567,10.118697505290411,8.148049183958577,9.656279312047243,7.48785368851748,9.314397040258221,8.018598028355655,9.570460571429066,8.0052459658707,9.563616981331052,7.295046136863231,9.272874741286385,7.605035544117072,9.204060447004855,8.38981590114463,9.826014640609628,7.605055651319162,9.204074260713444,8.37789092340563,9.810812441772669,8.37789092340563,9.810812441772669,7.58034215728519,9.391255945511631,7.624723820569301,9.326947706260853,7.72539477738418,9.568584667544354,7.692473628309359,9.424845157522324,7.692473628309359,9.424845157522324,0,0,1,1
H3K36me3_TDH_ENCODE/samples/skeletalMuscle/ENCFF000BLL/problems/chr8:87000000-142766515,8.150633024479532,9.453528128611651,7.88707435499118,9.589308824422005,8.074613649553285,9.606278583426885,8.148158845830622,9.65810363143721,7.515055394139948,9.329792816645767,8.191526405882996,9.653922829861813,8.17553719540524,9.646069934689422,7.3416427335295165,9.272921273490146,7.62987055219628,9.213445925828278,7.8504668059295,9.325360255318856,7.629887474061434,9.213458576235611,7.8529299474826075,9.332129684861911,7.8529299474826075,9.332129684861911,7.58034215728519,9.391255945511631,7.624723820569301,9.326947706260853,7.72539477738418,9.568584667544354,7.692473628309359,9.424845157522324,7.692473628309359,9.424845157522324,0,0,1,1
H3K36me3_TDH_ENCODE/samples/skeletalMuscle/ENCFF060PYR/problems/chr5:100000-17500000,8.15169830568999,9.424851774519993,7.747840963351939,9.065098581957955,8.06972653815513,9.553163473546261,8.146425482083913,9.629285961776564,7.506810990610708,9.325145524924086,7.70661678582178,9.419865862259485,7.713568832180272,9.422370253573717,7.55765979126301,9.273717832926117,7.59467037940567,9.20024945505713,7.639091335498051,9.129162689670693,7.5946917949613635,9.20026375242616,7.638675843830697,9.136768880543514,7.638675843830697,9.136768880543514,7.58034215728519,9.391255945511631,7.624723820569301,9.326947706260853,7.72539477738418,9.568584667544354,7.692473628309359,9.424845157522324,7.692473628309359,9.424845157522324,0,0,1,1
H3K36me3_TDH_ENCODE/samples/skeletalMuscle/ENCFF060PYR/problems/chr6:60000-58087659,8.158903931976852,9.230883777895542,7.7631174071345965,9.297081378456369,8.057067832184407,9.379628864667016,8.146439299378002,9.629515523628168,7.50571368135668,9.32452575935599,8.197521769175637,9.656816294680311,8.200239599025053,9.658029818206387,7.437841882613441,9.27311018224768,7.542960800620676,9.182129966762716,7.786533418060571,9.266016851877566,7.542988557795979,9.182146657086731,7.78880388791049,9.273658031507239,7.78880388791049,9.273658031507239,7.58034215728519,9.391255945511631,7.624723820569301,9.326947706260853,7.72539477738418,9.568584667544354,7.692473628309359,9.424845157522324,7.692473628309359,9.424845157522324,0,0,1,1
H3K36me3_TDH_ENCODE/samples/skeletalMuscle/ENCFF060PYR/problems/chr6:62178589-95680543,8.161386057639731,9.16406776392796,7.7631174071345965,9.297081378456369,8.054085920708529,9.32901794668622,8.146404655372677,9.628939949488608,7.428467403875241,9.280118494709093,7.910185099549835,9.518132078966119,7.915670704631566,9.520242236243575,7.017002727393594,9.272799996351349,7.396922672785422,9.138179724045163,7.639091335498051,9.129162689670693,7.396966671205519,9.138202930173074,7.638675843830697,9.136768880543514,7.638675843830697,9.136768880543514,7.58034215728519,9.391255945511631,7.624723820569301,9.326947706260853,7.72539477738418,9.568584667544354,7.692473628309359,9.424845157522324,7.692473628309359,9.424845157522324,0,0,1,1
H3K36me3_TDH_ENCODE/samples/skeletalMuscle/ENCFF060PYR/problems/chr7:62500000-74715724,8.159300283751577,9.220214428461986,7.7631174071345965,9.297081378456369,8.055581515914598,9.354955650977155,8.146427589927512,9.629320981532107,7.448267667799383,9.29165526033896,7.499423783213615,9.319838746745518,7.508077287583092,9.32284419910593,7.178862370139507,9.272819430678407,7.4471701175093585,9.152187739608348,7.552553794312644,9.048841144864582,7.447208805931041,9.15220875064904,7.548841799730326,9.054857526814203,7.548841799730326,9.054857526814203,7.58034215728519,9.391255945511631,7.624723820569301,9.326947706260853,7.72539477738418,9.568584667544354,7.692473628309359,9.424845157522324,7.692473628309359,9.424845157522324,0,0,1,1
H3K36me3_TDH_ENCODE/samples/skeletalMuscle/ENCFF060PYR/problems/chr8:48135599-86500000,8.160408830681433,9.190373593212826,7.7631174071345965,9.297081378456369,8.057470535882,9.38613291421986,8.146415891873218,9.629126630554921,7.438247225580998,9.28583088294564,7.970386025129983,9.547190098950523,7.975248338451593,9.549091592962213,7.087378679836284,9.272804629393194,7.4179539909973755,9.143909708057269,7.7165037639260845,9.201015628533696,7.417995802398764,9.143932001974871,7.717917646530168,9.209022624146883,7.717917646530168,9.209022624146883,7.58034215728519,9.391255945511631,7.624723820569301,9.326947706260853,7.72539477738418,9.568584667544354,7.692473628309359,9.424845157522324,7.692473628309359,9.424845157522324,0,0,1,1
H3K36me3_TDH_ENCODE/samples/skeletalMuscle/ENCFF060PYR/problems/chr8:87000000-142766515,8.161425878217642,9.162995840029907,7.7631174071345965,9.297081378456369,8.051760554159063,9.286309833682342,8.146420015217288,9.62919513541485,7.461272300381144,9.29917241038551,8.144328386090137,9.631143928640313,8.147698978920744,9.63259160103712,7.210307574254481,9.272828768776925,7.456915334803853,9.155033797682544,7.552553794312644,9.048841144864582,7.456952959595583,9.155054376917793,7.548841799730326,9.054857526814203,7.548841799730326,9.054857526814203,7.58034215728519,9.391255945511631,7.624723820569301,9.326947706260853,7.72539477738418,9.568584667544354,7.692473628309359,9.424845157522324,7.692473628309359,9.424845157522324,0,0,1,1
H3K36me3_TDH_ENCODE/samples/skeletalMuscle/ENCFF430SDF/problems/chr5:100000-17500000,8.144546451990834,9.617373285457688,7.7631174071345965,9.297081378456369,8.075964495657422,9.619876356020722,8.146500965334099,9.630540078027213,7.725560556692569,9.443759387738826,7.5719724945868165,9.354864565602611,7.579222119204815,9.357303324071836,8.147649356576975,9.350677518604295,7.9971687018191915,9.404405262830227,7.786533418060571,9.266016851877566,7.997130192229633,9.40440108382808,7.78880388791049,9.273658031507239,7.78880388791049,9.273658031507239,7.858766127506746,9.605748797128584,8.336735069483844,9.744921001770763,7.72539477738418,9.568584667544354,7.692473628309359,9.424845157522324,7.692473628309359,9.424845157522324,0,0,1,1
H3K36me3_TDH_ENCODE/samples/skeletalMuscle/ENCFF430SDF/problems/chr6:60000-58087659,8.146311845668208,9.569850371005487,7.7631174071345965,9.297081378456369,8.077786827258288,9.637540990841554,8.146493692491532,9.630419240177428,7.66611452258385,9.412394202979208,8.070061283560335,9.595299650290144,8.0732459783992,9.59654280676682,8.01527415970381,9.304711555112348,7.879447332803011,9.330970656074333,7.786533418060571,9.266016851877566,7.879428286829352,9.330971603490545,7.78880388791049,9.273658031507239,7.78880388791049,9.273658031507239,7.858766127506746,9.605748797128584,8.336735069483844,9.744921001770763,7.72539477738418,9.568584667544354,7.692473628309359,9.424845157522324,7.692473628309359,9.424845157522324,0,0,1,1
H3K36me3_TDH_ENCODE/samples/skeletalMuscle/ENCFF430SDF/problems/chr6:62178589-95680543,8.141037691474025,9.711826353620381,7.7631174071345965,9.297081378456369,8.09325374032013,9.761510948863581,8.146455132469214,9.629778579180506,7.574875961743443,9.363053001046872,7.770915161691391,9.450905063579967,7.777008920621029,9.453093737655763,7.895078544007637,9.286350132082683,7.787617400213094,9.282340104658116,7.7165037639260845,9.201015628533696,7.7876124253016314,9.282345307811225,7.717917646530168,9.209022624146883,7.717917646530168,9.209022624146883,7.58034215728519,9.391255945511631,7.624723820569301,9.326947706260853,7.72539477738418,9.568584667544354,7.692473628309359,9.424845157522324,7.692473628309359,9.424845157522324,0,0,1,1
H3K36me3_TDH_ENCODE/samples/skeletalMuscle/ENCFF430SDF/problems/chr7:62500000-74715724,8.147513595194823,9.537500318802813,7.8034153124130645,9.461660321409,8.074769129909388,9.607866230419988,8.146495607520293,9.630451058200428,7.613202659846962,9.383970108615594,7.4083540352053205,9.275869189397326,7.417024460807852,9.278740387297375,7.909181645641463,9.287819703500611,7.800425744866061,9.288712820839457,7.7165037639260845,9.201015628533696,7.800418865815118,9.28871742290048,7.717917646530168,9.209022624146883,7.717917646530168,9.209022624146883,7.858766127506746,9.605748797128584,8.336735069483844,9.744921001770763,7.72539477738418,9.568584667544354,7.692473628309359,9.424845157522324,7.692473628309359,9.424845157522324,0,0,1,1
H3K36me3_TDH_ENCODE/samples/skeletalMuscle/ENCFF430SDF/problems/chr8:48135599-86500000,8.144146976283196,9.628126844417238,7.7631174071345965,9.297081378456369,8.08890650096875,9.730766834964541,8.146458610588525,9.629836366096875,7.5728252465536565,9.361925529980777,7.8297661928857,9.479313677228902,7.8353324008301115,9.48133822849627,7.845225217526563,9.282164105085364,7.7548039575899566,9.26658247429975,7.8504668059295,9.325360255318856,7.754803774363609,9.266589223768507,7.8529299474826075,9.332129684861911,7.8529299474826075,9.332129684861911,7.58034215728519,9.391255945511631,7.624723820569301,9.326947706260853,7.72539477738418,9.568584667544354,7.692473628309359,9.424845157522324,7.692473628309359,9.424845157522324,0,0,1,1
H3K36me3_TDH_ENCODE/samples/skeletalMuscle/ENCFF430SDF/problems/chr8:87000000-142766515,8.1449476040533,9.606574603578338,7.7631174071345965,9.297081378456369,8.083269006151557,9.68639513093992,8.146454388583678,9.629766219978407,7.575753702595545,9.363535313970402,7.994561032907086,9.558858718772854,7.998802411612587,9.560496919711568,7.8508336528187375,9.282565857733426,7.758089319944702,9.268124128713364,7.7165037639260845,9.201015628533696,7.758088662569207,9.268130723041864,7.717917646530168,9.209022624146883,7.717917646530168,9.209022624146883,7.58034215728519,9.391255945511631,7.624723820569301,9.326947706260853,7.72539477738418,9.568584667544354,7.692473628309359,9.424845157522324,7.692473628309359,9.424845157522324,0,0,1,1
H3K36me3_TDH_ENCODE/samples/thyroid/ENCFF119YYL/problems/chr5:100000-17500000,8.181887024109585,8.612209611655999,8.037306209254632,9.693599511006141,8.01370080661464,7.677036463737338,8.146567839387515,9.631651218733488,8.794360998280823,9.945041164189282,8.198502788286305,9.657289750374503,8.199810327308569,9.657821984132852,8.43771722939463,9.741044710520388,8.381164041993998,9.763256831994491,8.014431861789035,9.477556819934307,8.381050914436855,9.763243746690426,8.015194265921764,9.480087418860876,8.015194265921764,9.480087418860876,8.433298157704446,9.731486486386274,8.336735069483844,9.744921001770763,8.37557515742082,9.673716122254433,8.499629880361125,9.815854111947923,8.499629880361125,9.815854111947923,0,0,1,1
H3K36me3_TDH_ENCODE/samples/thyroid/ENCFF119YYL/problems/chr6:60000-58087659,8.168685330129563,8.967580315596933,9.935156397191223,9.985772025599545,8.0491813983989,9.235232676247968,8.146588829696086,9.631999993594505,8.935662747272335,10.005560150473816,8.612406076112165,9.85702360715618,8.610041685662736,9.856412398808061,8.488325715520542,9.900455625697186,8.478847255197707,9.894260080003562,8.261686115839893,9.707072958606886,8.478712427953724,9.894248646953677,8.255199122531849,9.698934854029858,8.255199122531849,9.698934854029858,8.433298157704446,9.731486486386274,8.336735069483844,9.744921001770763,8.37557515742082,9.673716122254433,8.499629880361125,9.815854111947923,8.499629880361125,9.815854111947923,0,0,1,1
H3K36me3_TDH_ENCODE/samples/thyroid/ENCFF119YYL/problems/chr6:62178589-95680543,8.188342248738024,8.438445461633819,8.282124672157028,9.781772006861502,8.005903335568421,6.785856603809195,8.146597821958935,9.632149410742397,9.130916229641231,10.087685313886833,8.471721518792947,9.789139684437487,8.47042926151903,9.788832561015852,8.480467717002519,9.872754893321197,8.463567679148127,9.872431116696351,8.014431861789035,9.477556819934307,8.463436318887034,9.87241926182972,8.015194265921764,9.480087418860876,8.015194265921764,9.480087418860876,9.36175404440789,9.820818719776142,8.336735069483844,9.744921001770763,10.030930063225455,9.681261770780452,10.030930062698413,10.174411620436118,10.030930062698413,10.174411620436118,0,0,1,1
H3K36me3_TDH_ENCODE/samples/thyroid/ENCFF119YYL/problems/chr7:62500000-74715724,8.172251013696041,8.871596877993397,8.654289673502854,9.858147517277303,8.030819962734665,8.70713129289967,8.146558018839968,9.631488042533654,8.68089485254337,9.895716554480389,8.007458042092821,9.56508369204903,8.010461918234114,9.566142611351552,8.443195050844377,9.756260897547671,8.390079892456015,9.774404629003849,8.014431861789035,9.477556819934307,8.389964830013923,9.774391598973532,8.015194265921764,9.480087418860876,8.015194265921764,9.480087418860876,8.433298157704446,9.731486486386274,8.336735069483844,9.744921001770763,8.37557515742082,9.673716122254433,8.499629880361125,9.815854111947923,8.499629880361125,9.815854111947923,0,0,1,1
H3K36me3_TDH_ENCODE/samples/thyroid/ENCFF119YYL/problems/chr8:48135599-86500000,8.162605167185234,9.131250759237446,8.282124672157028,9.781772006861502,8.187869059572023,10.07722475489999,8.146585809153464,9.631949803920378,9.042895875085753,10.050867990997542,8.505985389804437,9.805673363829783,8.504539187598084,9.805344117896993,8.47621504876076,9.858245128434763,8.454091571045865,9.859151870335339,8.91380516739082,10.31245723005759,8.453962347392917,9.8591397864883,8.898266653903192,10.285333443327545,8.898266653903192,10.285333443327545,9.36175404440789,9.820818719776142,8.757553251389183,9.989448004748283,8.37557515742082,9.673716122254433,8.499629880361125,9.815854111947923,8.499629880361125,9.815854111947923,0,0,1,1
H3K36me3_TDH_ENCODE/samples/thyroid/ENCFF119YYL/problems/chr8:87000000-142766515,8.18500819127803,8.52819276383616,8.282124672157028,9.781772006861502,8.010953748581716,7.409862074283743,8.146588575209506,9.631995765012523,9.035860536717836,10.047911020179777,8.624742356138313,9.862975932046993,8.622278126494848,9.862335208762715,8.475226094817312,9.854918314087099,8.452468098033933,9.856896432243571,8.14840723071984,9.601919489475677,8.452339239388493,9.856884311609713,8.145838185937919,9.599214030316261,8.145838185937919,9.599214030316261,9.36175404440789,9.820818719776142,8.757553251389183,9.989448004748283,8.37557515742082,9.673716122254433,8.499629880361125,9.815854111947923,8.499629880361125,9.815854111947923,0,0,1,1
H3K36me3_TDH_ENCODE/samples/thyroid/ENCFF182JRL/problems/chr5:100000-17500000,8.136653537003895,9.829844679790767,7.88707435499118,9.589308824422005,8.127226573699847,9.930631632253762,8.146544558721828,9.631264394015751,8.609654148392645,9.86439059273263,8.140575777337972,9.62933280413472,8.14261911191079,9.630132074229778,8.52046564544325,10.026705859656502,8.544212983191755,9.9937369624668,8.359815952600002,9.798165725397894,8.544063019800888,9.993728133535278,8.349250264295733,9.784696111742733,8.349250264295733,9.784696111742733,8.433298157704446,9.731486486386274,8.336735069483844,9.744921001770763,8.37557515742082,9.673716122254433,8.499629880361125,9.815854111947923,8.499629880361125,9.815854111947923,0,0,1,1
H3K36me3_TDH_ENCODE/samples/thyroid/ENCFF182JRL/problems/chr6:60000-58087659,8.138752684878966,9.773337061620623,8.654289673502854,9.858147517277303,8.111026213589533,9.862849121696524,8.146578988226025,9.631836467063987,8.895239289923156,9.988344742063234,8.576670399771274,9.839780715524512,8.574710654202818,9.839310852218887,8.578213375763122,10.315207169705493,8.691616759681892,10.258952948299388,8.38981590114463,9.826014640609628,8.69143085194355,10.258955897551093,8.37789092340563,9.810812441772669,8.37789092340563,9.810812441772669,8.433298157704446,9.731486486386274,8.336735069483844,9.744921001770763,8.37557515742082,9.673716122254433,8.499629880361125,9.815854111947923,8.499629880361125,9.815854111947923,0,0,1,1
H3K36me3_TDH_ENCODE/samples/thyroid/ENCFF182JRL/problems/chr6:62178589-95680543,8.151506771382287,9.430007693737025,8.282124672157028,9.781772006861502,8.08481874567021,9.69914333408578,8.146541019070199,9.631205580819483,8.594200648133961,9.857557217108061,8.370443457452893,9.74026719144581,8.37061336869715,9.740512782922224,8.459314103069504,9.803765426137339,8.418215936274464,9.810616535277754,8.188138518325104,9.638800637724444,8.418094707639284,9.810603797935007,8.184300247100055,9.634285583033716,8.184300247100055,9.634285583033716,8.433298157704446,9.731486486386274,8.336735069483844,9.744921001770763,8.37557515742082,9.673716122254433,8.499629880361125,9.815854111947923,8.499629880361125,9.815854111947923,0,0,1,1
H3K36me3_TDH_ENCODE/samples/thyroid/ENCFF182JRL/problems/chr7:62500000-74715724,8.141607449826438,9.696488891170702,8.654289673502854,9.858147517277303,8.094066326763826,9.766956204121337,8.146579615541498,9.631846890542814,8.785474811846301,9.941202454751119,7.992553056700217,9.557889529032764,7.995445389812403,9.558871396558288,8.567639200226168,10.255648152123735,8.662707213646172,10.202030073198806,8.22583183688721,9.673790252730214,8.662528553330958,10.202029954473193,8.220682756098995,9.667460996810632,8.220682756098995,9.667460996810632,8.433298157704446,9.731486486386274,8.336735069483844,9.744921001770763,8.37557515742082,9.673716122254433,8.499629880361125,9.815854111947923,8.499629880361125,9.815854111947923,0,0,1,1
H3K36me3_TDH_ENCODE/samples/thyroid/ENCFF182JRL/problems/chr8:48135599-86500000,8.123771685053782,10.176617192016238,8.654289673502854,9.858147517277303,8.404359669195832,10.22295553932296,8.146532185269606,9.631058803230182,8.579552669821197,9.851067151355462,8.414404006603945,9.761481017352935,8.414304641437866,9.76166361562332,8.467355537156035,9.829065964502567,8.432561872202768,9.829700064688396,9.033261871483774,10.4233605673096,8.43243746436201,9.829687549369813,8.99458837147904,10.373169540227536,8.99458837147904,10.373169540227536,8.433298157704446,9.731486486386274,8.336735069483844,9.744921001770763,8.37557515742082,9.673716122254433,8.499629880361125,9.815854111947923,8.499629880361125,9.815854111947923,0,0,1,1
H3K36me3_TDH_ENCODE/samples/thyroid/ENCFF182JRL/problems/chr8:87000000-142766515,8.129562479199478,10.020731727830025,8.282124672157028,9.781772006861502,8.171834708889618,10.049209049349834,8.14655288446744,9.631402731354758,8.76097255553232,9.930596924006878,8.555573742114802,9.829601168149793,8.554074312526836,9.8293219146733,8.549530768484264,10.160990988800727,8.613763579280203,10.111314260934027,8.473102233301233,9.903330020070598,8.613596968731144,10.111309842363633,8.45715511211256,9.88309075017537,8.45715511211256,9.88309075017537,8.433298157704446,9.731486486386274,8.336735069483844,9.744921001770763,8.37557515742082,9.673716122254433,8.499629880361125,9.815854111947923,8.499629880361125,9.815854111947923,0,0,1,1
H3K36me3_TDH_ENCODE/samples/thyroid/ENCFF537UNT/problems/chr5:100000-17500000,8.132977786258834,9.928793573883922,8.037306209254632,9.693599511006141,8.137035020247563,9.963703904318358,8.146536940811771,9.631137818586318,8.511434870349492,9.820717276164967,8.110566976113432,9.614849499684397,8.112943023957314,9.615763603852429,8.518924828638813,10.0201471192622,8.540072419241824,9.987130788392616,8.446375071205694,9.878518853156947,8.539923429285409,9.987121753200032,8.431756825814318,9.859930871263487,8.431756825814318,9.859930871263487,8.433298157704446,9.731486486386274,8.336735069483844,9.744921001770763,8.37557515742082,9.673716122254433,8.499629880361125,9.815854111947923,8.499629880361125,9.815854111947923,0,0,1,1
H3K36me3_TDH_ENCODE/samples/thyroid/ENCFF537UNT/problems/chr6:60000-58087659,8.137084122618262,9.818253603854828,8.654289673502854,9.858147517277303,8.110237661871889,9.859036253413946,8.146560985455253,9.631537335071418,8.78702111570431,9.94187072476585,8.548468565444182,9.826172755979087,8.546939842456595,9.825868473694754,8.575179680776456,10.297783078897572,8.681795027136104,10.23932585465064,8.261686115839893,9.707072958606886,8.681611592465742,10.239327714942567,8.255199122531849,9.698934854029858,8.255199122531849,9.698934854029858,8.433298157704446,9.731486486386274,8.336735069483844,9.744921001770763,8.37557515742082,9.673716122254433,8.499629880361125,9.815854111947923,8.499629880361125,9.815854111947923,0,0,1,1
H3K36me3_TDH_ENCODE/samples/thyroid/ENCFF537UNT/problems/chr6:62178589-95680543,8.149444069053573,9.485533701154964,8.654289673502854,9.858147517277303,8.085245447619517,9.702577389177433,8.146539308419463,9.631177157504833,8.512218015080576,9.821067821174703,8.347873624358954,9.729375580825717,8.348249929726762,9.729686478481426,8.453120732828925,9.785018284362605,8.406497772492003,9.79534187173014,8.188138518325104,9.638800637724444,8.406379123078295,9.795328990103972,8.184300247100055,9.634285583033716,8.184300247100055,9.634285583033716,8.433298157704446,9.731486486386274,8.336735069483844,9.744921001770763,8.37557515742082,9.673716122254433,8.499629880361125,9.815854111947923,8.499629880361125,9.815854111947923,0,0,1,1
H3K36me3_TDH_ENCODE/samples/thyroid/ENCFF537UNT/problems/chr7:62500000-74715724,8.140436640208293,9.728006204513804,8.282124672157028,9.781772006861502,8.095140769975238,9.774018909123965,8.146569946073953,9.631686223165989,8.689871760370702,9.899643848231229,7.969471356684835,9.546748610310715,7.972661168555987,9.547838826340012,8.558012407783888,10.204210441828717,8.636770685533975,10.153096912648333,8.14840723071984,9.601919489475677,8.63659844517224,10.153094381914876,8.145838185937919,9.599214030316261,8.145838185937919,9.599214030316261,8.433298157704446,9.731486486386274,8.336735069483844,9.744921001770763,8.37557515742082,9.673716122254433,8.499629880361125,9.815854111947923,8.499629880361125,9.815854111947923,0,0,1,1
H3K36me3_TDH_ENCODE/samples/thyroid/ENCFF537UNT/problems/chr8:48135599-86500000,8.1089656695803,10.575191208036813,8.654289673502854,9.858147517277303,8.628654649495935,10.258749053428527,8.146522075922633,9.630890833107348,8.48188934899018,9.807464176678655,8.3878524880663,9.748668242430767,8.38808426272999,9.748970466354649,8.460734189970742,9.808153587233052,8.419244437451653,9.811970544900944,9.103320006035574,10.488403480599345,8.41912298168063,9.81195782179219,9.117314833094042,10.485085164069005,9.117314833094042,10.485085164069005,8.433298157704446,9.731486486386274,8.336735069483844,9.744921001770763,8.37557515742082,9.673716122254433,8.499629880361125,9.815854111947923,8.499629880361125,9.815854111947923,0,0,1,1
H3K36me3_TDH_ENCODE/samples/thyroid/ENCFF537UNT/problems/chr8:87000000-142766515,8.135359312640674,9.864684353685334,8.654289673502854,9.858147517277303,8.125727865919028,9.925107765474948,8.146541931398147,9.631220739618268,8.672979913617137,9.892250198126815,8.53191459264167,9.818185029559345,8.530731468990098,9.818022752198203,8.53896342049033,10.109769568676137,8.587018808844277,10.064588495067486,8.29587250737768,9.738807600776454,8.586858665862565,10.06458216017619,8.288031500962916,9.728873239853101,8.288031500962916,9.728873239853101,8.433298157704446,9.731486486386274,8.336735069483844,9.744921001770763,8.37557515742082,9.673716122254433,8.499629880361125,9.815854111947923,8.499629880361125,9.815854111947923,0,0,1,1
H3K36me3_TDH_ENCODE/samples/thyroid/ENCFF997UHI/problems/chr5:100000-17500000,8.151942138119978,9.418288041240885,7.8034153124130645,9.461660321409,8.100376107191483,9.806338131650838,8.146405810266089,9.628959136590733,7.569846826968263,9.360286468688475,7.744280933971822,9.43804786988403,7.751134096482474,9.440562930629767,7.642802689014232,9.27469512989966,7.634943412486791,9.21540809575994,8.014431861789035,9.477556819934307,7.634959674940546,9.215420507861735,8.015194265921764,9.480087418860876,8.015194265921764,9.480087418860876,7.58034215728519,9.391255945511631,7.624723820569301,9.326947706260853,7.72539477738418,9.568584667544354,7.692473628309359,9.424845157522324,7.692473628309359,9.424845157522324,0,0,1,1
H3K36me3_TDH_ENCODE/samples/thyroid/ENCFF997UHI/problems/chr6:60000-58087659,8.154847821838075,9.340069935346946,7.8034153124130645,9.461660321409,8.067930877732472,9.531955483493897,8.146415277920681,9.629116430422954,7.6461871242822665,9.401748066031454,8.19012783254334,9.653247853099629,8.193169185999523,9.654606634929678,7.837440509728536,9.28163204282229,7.746694326384386,9.26281063973406,7.786533418060571,9.266016851877566,7.746695308217568,9.262817772373461,7.78880388791049,9.273658031507239,7.78880388791049,9.273658031507239,7.858766127506746,9.605748797128584,8.336735069483844,9.744921001770763,7.72539477738418,9.568584667544354,7.692473628309359,9.424845157522324,7.692473628309359,9.424845157522324,0,0,1,1
H3K36me3_TDH_ENCODE/samples/thyroid/ENCFF997UHI/problems/chr6:62178589-95680543,8.163417425078762,9.109385742031918,7.8034153124130645,9.461660321409,8.047245863170058,9.194075725819667,8.14640739721004,9.628985501697443,7.611985328948862,9.383310133824967,8.012541907893592,9.567537499230184,8.017146227294916,9.569379226315277,7.688728423651838,9.275563477874655,7.659144124882459,9.2249853134467,7.7165037639260845,9.201015628533696,7.659157200596383,9.224996586039335,7.717917646530168,9.209022624146883,7.717917646530168,9.209022624146883,7.858766127506746,9.605748797128584,8.336735069483844,9.744921001770763,7.72539477738418,9.568584667544354,7.692473628309359,9.424845157522324,7.692473628309359,9.424845157522324,0,0,1,1
H3K36me3_TDH_ENCODE/samples/thyroid/ENCFF997UHI/problems/chr7:62500000-74715724,8.150832003144671,9.448171811030988,7.8034153124130645,9.461660321409,8.078725172835032,9.646345913156413,8.146414919076918,9.6291104686388,7.61287541995749,9.38379272341375,7.5943160477170295,9.365651538848397,7.602317794684041,9.368489429027022,7.804995618264103,9.279704632199051,7.726618730487189,9.253675811080747,7.7165037639260845,9.201015628533696,7.726622563760429,9.253683893241588,7.717917646530168,9.209022624146883,7.717917646530168,9.209022624146883,7.858766127506746,9.605748797128584,8.336735069483844,9.744921001770763,7.72539477738418,9.568584667544354,7.692473628309359,9.424845157522324,7.692473628309359,9.424845157522324,0,0,1,1
H3K36me3_TDH_ENCODE/samples/thyroid/ENCFF997UHI/problems/chr8:48135599-86500000,8.131730589993538,9.962367372319022,7.8034153124130645,9.461660321409,8.368970572415293,10.212299907473497,8.146407103576564,9.628980623338894,7.595086975346087,9.37411935254924,8.046029262704451,9.58370052390842,8.050358256605705,9.5854606527148,7.680444130759828,9.275383459100192,7.654635538518505,9.22317360475978,8.593853917231627,10.015426827309057,7.6546492130519255,9.223185089940191,8.571495919275094,9.987355014177638,8.571495919275094,9.987355014177638,7.858766127506746,9.605748797128584,8.336735069483844,9.744921001770763,7.72539477738418,9.568584667544354,7.692473628309359,9.424845157522324,7.692473628309359,9.424845157522324,0,0,1,1
H3K36me3_TDH_ENCODE/samples/thyroid/ENCFF997UHI/problems/chr8:87000000-142766515,8.155523757716935,9.321874440025567,7.7631174071345965,9.297081378456369,8.070385181029677,9.56070337346198,8.14641068183947,9.629040071848635,7.636003305715297,9.396280371973406,8.184234265508394,9.65040350551908,8.18737476924548,9.65180122180891,7.7974750061425215,9.27931799173678,7.72141673370561,9.25135502721957,7.8504668059295,9.325360255318856,7.72142129824806,9.251363355556569,7.8529299474826075,9.332129684861911,7.8529299474826075,9.332129684861911,7.858766127506746,9.605748797128584,8.336735069483844,9.744921001770763,7.72539477738418,9.568584667544354,7.692473628309359,9.424845157522324,7.692473628309359,9.424845157522324,0,0,1,1
