sequenceID,X1,X2,X3,X4,X5,X6,X7,X8,X9,X10,X11,X12,X13,X14,X15,X16,X17,X18,X19,X20
H3K4me1_TDH_BP/samples/bcell/ERS206573/problems/chr1:149509645-205922707,4.36145500373206,100,3598844,3623810,668,1113.0038657910438,26.07481846948632,0.99949859652096,75.33534132281147,1.0069375074155775,33.36171257281382,1114,1114,25.0,31.0,13.0,13.0,6.0,0,1
H3K4me1_TDH_BP/samples/bcell/ERS206573/problems/chr2:162200000-234003741,2.591196793008069,58,4128132,4142139,376,665.1013484399907,20.24215577408862,0.9992188154737996,8.198129806840466,1.003393303167947,25.78955890355612,403,403,15.0,21.0,11.0,11.0,6.0,0,1
H3K4me1_TDH_BP/samples/bcell/ERS206573/problems/chr2:16329724-21153113,2.632255840919737,18,276177,276983,216,742.2359367371006,20.65132143516658,0.9993034747973056,7.610475095874941,1.002922049707433,27.24400735459269,215,215,15.0,21.0,11.0,11.0,6.0,0,1
H3K4me1_TDH_BP/samples/bcell/ERS206573/problems/chr3:60000-66170270,2.179424811811588,67,4133809,4150332,247,911.2597334650144,24.386766780951906,0.9994264158658,4.939131150877527,1.0039972828926742,30.18707891573834,246,246,22.0,28.0,12.0,12.0,6.0,0,1
H3K4me1_TDH_BP/samples/bcell/ERS206573/problems/chr4:75452279-190000000,2.8436468916814497,68,6071715,6097922,224,468.0970556222173,16.99133457351012,0.9988716323801812,9.531585930218272,1.004316408842709,21.63555073535724,223,223,13.0,18.0,10.0,10.0,5.0,0,1
H3K4me1_TDH_BP/samples/bcell/ERS206573/problems/chr5:91686128-138787073,2.6169798495678345,72,2638729,2650540,265,678.5511747753179,20.063916756893185,0.9992256411582646,7.778618826786033,1.0044763992347827,26.04901485229946,264,264,15.0,21.0,11.0,11.0,6.0,0,1
H3K4me1_TDH_BP/samples/bcell/ERS353040/problems/chr1:149509645-205922707,6.512971916326998,74,4154715,4181827,599,409.1247419024194,17.8198675480749,0.9986563659117428,168.27323040352445,1.0065258402864794,20.226832226090654,923,923,13.0,20.0,12.0,12.0,7.0,0,1
H3K4me1_TDH_BP/samples/bcell/ERS353040/problems/chr2:162200000-234003741,3.1797641062685487,62,5086106,5105866,355,242.08220557894325,15.258521548705437,0.9978421345486196,17.036368177355985,1.0038852913968548,15.558991149137634,381,381,12.0,18.0,11.0,11.0,6.0,0,1
H3K4me1_TDH_BP/samples/bcell/ERS353040/problems/chr2:16329724-21153113,3.3219876665759,37,322174,323283,179,248.3247969915007,14.620658401981538,0.9979032278690584,14.761345698752848,1.0034453538937156,15.75832468860509,178,178,11.0,17.0,11.0,11.0,6.0,0,1
H3K4me1_TDH_BP/samples/bcell/ERS353040/problems/chr3:60000-66170270,2.7584150447761058,77,4777095,4797079,201,307.79361751929054,16.6909776757632,0.9982914456823097,9.881898816097571,1.004183505704514,17.544047922850943,200,200,12.0,19.0,12.0,12.0,7.0,0,1
H3K4me1_TDH_BP/samples/bcell/ERS353040/problems/chr4:75452279-190000000,3.1682097554711803,65,7788070,7825554,206,165.7035004114193,13.648396457658958,0.9968072258441412,15.172837283624178,1.004813131470715,12.872587168530623,205,205,10.0,16.0,11.0,11.0,6.0,0,1
H3K4me1_TDH_BP/samples/bcell/ERS353040/problems/chr5:91686128-138787073,3.124181163611649,73,3282901,3300168,183,232.4439665085684,14.981888275034796,0.9976985451557824,13.665930162598473,1.0052599835511289,15.246113160690118,182,182,11.0,17.0,11.0,11.0,6.0,0,1
H3K4me1_TDH_BP/samples/burkitt/ERS333897/problems/chr1:149509645-205922707,2.744762747228972,91,4338037,4370160,330,1108.55764509977,25.458820660128072,0.9995039891823976,8.680275223821184,1.0074051944243894,33.295009312204286,329,329,17.0,25.0,13.0,13.0,8.0,0,1
H3K4me1_TDH_BP/samples/burkitt/ERS333897/problems/chr2:162200000-234003741,3.153769530551613,83,4457410,4473783,219,388.60368174491015,16.164987739516896,0.9986582574778308,12.284367006003167,1.0036734344997285,19.71303329639836,218,218,11.0,17.0,10.0,10.0,6.0,0,1
H3K4me1_TDH_BP/samples/burkitt/ERS333897/problems/chr2:16329724-21153113,3.17061448766079,27,281123,281992,189,373.9751901623103,15.48064014683964,0.9986214697954422,12.051361856317572,1.0030947417847056,19.33843815209259,188,188,10.0,16.0,10.0,10.0,6.0,0,1
H3K4me1_TDH_BP/samples/burkitt/ERS333897/problems/chr3:60000-66170270,2.7375919939591413,60,4289489,4307820,245,618.7787518543616,19.58500161674269,0.9991504244620822,8.593502766527156,1.0042737035282532,24.87526385496969,244,244,14.0,20.0,11.0,11.0,6.0,0,1
H3K4me1_TDH_BP/samples/burkitt/ERS333897/problems/chr4:75452279-190000000,3.562980247566893,113,6617764,6647622,243,307.0850367349282,14.3134889669683,0.9982821586420876,16.40362017539055,1.0045119476173443,17.52384195132244,242,242,10.0,15.0,9.0,9.0,5.0,0,1
H3K4me1_TDH_BP/samples/burkitt/ERS333897/problems/chr5:91686128-138787073,3.4050088776637883,94,2834448,2849110,241,418.57618968539487,15.999675421810526,0.9987259054035372,14.51425550166262,1.0051731431210391,20.459134626992288,240,240,10.0,16.0,10.0,10.0,6.0,0,1
H3K4me1_TDH_BP/samples/burkitt/ERS333899/problems/chr1:149509645-205922707,2.595821065247818,95,3523069,3545074,324,1261.009242807689,26.562520915712977,0.9995671486212891,8.012922247526973,1.0062462603617075,35.51069195056172,323,323,23.0,29.0,13.0,13.0,6.0,0,1
H3K4me1_TDH_BP/samples/burkitt/ERS333899/problems/chr2:162200000-234003741,2.945773219247729,106,4105700,4120477,365,955.6037777498856,22.008283118591223,0.9994530635746168,10.464425690364118,1.0035993870958393,30.912841631753714,364,364,16.0,22.0,11.0,11.0,6.0,0,1
H3K4me1_TDH_BP/samples/burkitt/ERS333899/problems/chr2:16329724-21153113,3.3138776958106373,45,221398,221892,175,409.1275711930186,14.645940794406451,0.99873263149817,12.871102868217816,1.0022358026531524,20.22690216501327,174,174,10.0,15.0,8.0,8.0,5.0,0,1
H3K4me1_TDH_BP/samples/burkitt/ERS333899/problems/chr3:60000-66170270,2.7447318208158658,84,3667421,3681948,371,1154.8626340984786,24.244886256581943,0.9995466834278,8.994069500039618,1.0039613679371329,33.98326991474597,370,370,19.0,25.0,11.0,11.0,6.0,0,1
H3K4me1_TDH_BP/samples/burkitt/ERS333899/problems/chr4:75452279-190000000,3.237770988699195,110,5506499,5532816,293,735.5186143085917,18.333694240205983,0.9992617510074874,12.352146681132927,1.0047794442130007,27.12044642531888,292,292,12.0,17.0,9.0,9.0,5.0,0,1
H3K4me1_TDH_BP/samples/burkitt/ERS333899/problems/chr5:91686128-138787073,3.154372885088552,63,2634106,2646453,346,922.2005521628764,21.15618695678913,0.9994285692664572,12.317359688172443,1.004687740238145,30.36775513868084,345,345,14.0,20.0,11.0,11.0,6.0,0,1
H3K4me1_TDH_BP/samples/germinal/ERS333900/problems/chr1:149509645-205922707,2.9442753984776417,121,3491178,3520172,731,2363.818774269513,33.79910391277672,0.9997684021251791,12.555123170487043,1.0083052219924684,48.61911943124343,803,803,32.0,39.0,14.0,14.0,7.0,0,1
H3K4me1_TDH_BP/samples/germinal/ERS333900/problems/chr2:162200000-234003741,3.1809062824438845,70,3850296,3867865,426,1400.9533253149964,25.0343851485704,0.9996291099123557,12.87000268549558,1.0045632867092005,37.42931104515546,425,425,18.0,24.0,11.0,11.0,6.0,0,1
H3K4me1_TDH_BP/samples/germinal/ERS333900/problems/chr2:16329724-21153113,2.945953648595403,46,265715,266969,394,1735.803323375137,27.80681180964568,0.9996985214967532,10.631788550875587,1.0047231233581972,41.66297305012134,407,407,21.0,27.0,12.0,12.0,6.0,0,1
H3K4me1_TDH_BP/samples/germinal/ERS333900/problems/chr3:60000-66170270,2.8469411759635577,92,3684947,3707125,460,1983.674060322166,30.43300514227206,0.9997358421330094,10.04192478675612,1.0060188127587215,44.538455971465446,459,459,27.0,33.0,13.0,13.0,6.0,0,1
H3K4me1_TDH_BP/samples/germinal/ERS333900/problems/chr4:75452279-190000000,3.576556883770347,146,5403053,5429656,396,897.8863532300463,20.178978440522425,0.9994065951745869,16.9155516063594,1.0049238837605117,29.96475184662884,395,395,15.0,20.0,10.0,10.0,5.0,0,1
H3K4me1_TDH_BP/samples/germinal/ERS333900/problems/chr5:91686128-138787073,3.3342485641122,115,2444424,2458968,472,1510.5239375948606,25.1958584108158,0.9996480238079544,14.416892210693778,1.0059502794729065,38.86545944144827,473,473,19.0,24.0,11.0,11.0,5.0,0,1
H3K4me1_TDH_BP/samples/germinal/ERS333901/problems/chr1:149509645-205922707,2.376596908076489,199,3664342,3694118,470,2230.835730447079,34.17357932201743,0.9997483103612188,6.40745506972846,1.0081261541979851,47.23172377170962,485,485,34.0,41.0,13.0,13.0,7.0,0,1
H3K4me1_TDH_BP/samples/germinal/ERS333901/problems/chr2:162200000-234003741,2.917463373680793,83,3999811,4016999,427,1354.1586656279133,24.69809823514161,0.9996154659970018,10.1300248293447,1.0042974541290712,36.79889489682962,426,426,19.0,24.0,11.0,11.0,5.0,0,1
H3K4me1_TDH_BP/samples/germinal/ERS333901/problems/chr2:16329724-21153113,3.603272702889039,32,230933,231494,220,572.9987809587575,16.1081785626134,0.9991040335200116,15.573480861467631,1.002433616822268,23.937392944068858,219,219,10.0,15.0,9.0,9.0,5.0,0,1
H3K4me1_TDH_BP/samples/germinal/ERS333901/problems/chr3:60000-66170270,2.6661305856316506,89,3964327,3985692,405,1959.4083100392136,29.841125114048364,0.9997306340692887,8.01180344083603,1.0053895668519692,44.26520428100625,404,404,25.0,31.0,12.0,12.0,6.0,0,1
H3K4me1_TDH_BP/samples/germinal/ERS333901/problems/chr4:75452279-190000000,2.9838217943637133,160,5579586,5608566,335,1118.5880984384278,21.82093259248984,0.9995204349841772,10.293959084960996,1.005194113899152,33.44530009490762,334,334,15.0,20.0,9.0,9.0,5.0,0,1
H3K4me1_TDH_BP/samples/germinal/ERS333901/problems/chr5:91686128-138787073,2.6695339756164698,83,2669310,2685086,401,1760.5437153045284,28.421926265589235,0.9996961388646708,8.221014404736334,1.0059105184150654,41.9588335789322,400,400,23.0,29.0,11.0,11.0,6.0,0,1
H3K4me1_TDH_BP/samples/leukemia/ERS466414/problems/chr1:149509645-205922707,5.342167314154466,94,4041137,4082668,766,1263.6891107933932,25.57758942594621,0.9995524168413444,106.9268575357969,1.010277308162853,35.54840517932406,1384,1384,20.0,27.0,13.0,13.0,7.0,0,1
H3K4me1_TDH_BP/samples/leukemia/ERS466414/problems/chr2:162200000-234003741,3.253931062460117,83,4664777,4693025,378,686.4418013936931,19.64947156101996,0.999220187596804,13.976776251048696,1.0060558106112705,26.20003437771968,382,382,14.0,20.0,11.0,11.0,6.0,0,1
H3K4me1_TDH_BP/samples/leukemia/ERS466414/problems/chr2:16329724-21153113,2.7513228341115394,43,365675,367985,291,1115.0427111360666,25.271579954877964,0.9995222026131204,9.086962395940358,1.006319836794522,33.39225525681167,290,290,18.0,25.0,13.0,13.0,7.0,0,1
H3K4me1_TDH_BP/samples/leukemia/ERS466414/problems/chr3:60000-66170270,2.834843277020429,105,4609676,4639604,293,892.5796759384682,22.657544044310274,0.9994022696978276,9.65608415060982,1.0064926486140564,29.8760719630019,292,292,17.0,23.0,12.0,12.0,6.0,0,1
H3K4me1_TDH_BP/samples/leukemia/ERS466414/problems/chr4:75452279-190000000,3.581742066921452,74,6832970,6872829,271,461.2977025615084,16.453817007831148,0.9988351523357452,16.689406217253946,1.005833481755881,21.47784213000711,270,270,13.0,18.0,10.0,10.0,5.0,0,1
H3K4me1_TDH_BP/samples/leukemia/ERS466414/problems/chr5:91686128-138787073,3.4497288777031816,90,2987398,3008720,351,768.5208196329052,19.75367493718614,0.999290205516484,15.306091324090705,1.007137651942477,27.72220805839436,350,350,14.0,20.0,11.0,11.0,6.0,0,1
H3K4me1_TDH_BP/samples/leukemia/ERS466415/problems/chr1:149509645-205922707,2.610335374748252,75,3741729,3772050,609,1248.2784375553497,27.741733567556604,0.9995537961080536,12.37508371760271,1.0081037424419947,35.33098410114484,730,730,25.0,32.0,14.0,14.0,7.0,0,1
H3K4me1_TDH_BP/samples/leukemia/ERS466415/problems/chr2:162200000-234003741,2.7745230338042703,58,4264837,4282443,269,719.8534871436212,20.755836155051178,0.9992750635833648,9.332828886659964,1.0041284119717615,26.83008548520897,268,268,16.0,22.0,11.0,11.0,6.0,0,1
H3K4me1_TDH_BP/samples/leukemia/ERS466415/problems/chr2:16329724-21153113,2.1124504564040043,65,292994,294212,209,880.8027766443613,24.09612483532086,0.9994023671608888,4.442276005113291,1.0041605089541388,29.67832166151518,208,208,21.0,27.0,12.0,12.0,6.0,0,1
H3K4me1_TDH_BP/samples/leukemia/ERS466415/problems/chr3:60000-66170270,2.401948749737728,31,4090633,4108900,297,941.6502886406164,24.05448569940153,0.9994488223720148,6.504160775989197,1.004465813595552,30.686320871694875,296,296,20.0,26.0,12.0,12.0,6.0,0,1
H3K4me1_TDH_BP/samples/leukemia/ERS466415/problems/chr4:75452279-190000000,3.204694416454584,66,6299610,6327614,243,533.0330305958533,17.506282293665798,0.9990136969656332,12.60029240625748,1.0044455139993609,23.08750810710964,242,242,13.0,18.0,10.0,10.0,5.0,0,1
H3K4me1_TDH_BP/samples/leukemia/ERS466415/problems/chr5:91686128-138787073,2.889777372226685,79,2724073,2738302,286,721.93831327075,20.294811849755863,0.9992642622439696,10.12278541981846,1.0052237973151958,26.868909789396927,285,285,15.0,21.0,11.0,11.0,6.0,0,1
H3K4me1_TDH_BP/samples/macrophage/ERS257336/problems/chr1:149509645-205922707,2.1187160582806204,126,3633729,3668093,622,1353.167900091276,33.02219207871583,0.9995624604509542,12.073848119707204,1.0094572296000142,36.785430541061714,804,804,41.0,48.0,17.0,17.0,7.0,0,1
H3K4me1_TDH_BP/samples/macrophage/ERS257336/problems/chr2:162200000-234003741,1.952415482030912,100,3886030,3904478,308,909.9836760657004,25.60507021304519,0.9994222389818692,4.090316364388043,1.0047475198975613,30.165935690206933,317,317,28.0,34.0,13.0,13.0,6.0,0,1
H3K4me1_TDH_BP/samples/macrophage/ERS257336/problems/chr2:16329724-21153113,2.2283566302068167,100,240320,241109,217,850.9637608860726,22.84858105858855,0.999360570159106,5.345111524274026,1.0032872973006712,29.17128315460382,216,216,22.0,27.0,11.0,11.0,5.0,0,1
H3K4me1_TDH_BP/samples/macrophage/ERS257336/problems/chr3:60000-66170270,1.7393995845613817,63,4047315,4071825,289,1309.1621700759224,31.748567383561696,0.9995983823789428,2.9839468388761783,1.0060561152408731,36.18234611071983,288,288,39.0,46.0,16.0,16.0,7.0,0,1
H3K4me1_TDH_BP/samples/macrophage/ERS257336/problems/chr4:75452279-190000000,2.3862006265499778,133,5342404,5367844,261,708.6947440055129,20.78445602391732,0.9992534858526266,6.517236287336276,1.0047620892695666,26.621321229524145,260,260,18.0,23.0,10.0,10.0,5.0,0,1
H3K4me1_TDH_BP/samples/macrophage/ERS257336/problems/chr5:91686128-138787073,2.167287027461427,78,2334791,2346740,259,768.4148491844047,22.58508748748817,0.9993075488482882,5.180244290856132,1.0051182333314774,27.72029670087253,258,258,23.0,28.0,11.0,11.0,5.0,0,1
H3K4me1_TDH_BP/samples/macrophage/ERS257378/problems/chr1:149509645-205922707,2.1623044105540354,167,3709992,3749768,582,1014.21565433379,30.183340826610948,0.9994114006637936,14.29312910582726,1.0107215893515644,31.84675264974107,740,740,36.0,44.0,18.0,18.0,8.0,0,1
H3K4me1_TDH_BP/samples/macrophage/ERS257378/problems/chr2:162200000-234003741,1.93168211521802,88,4029235,4051697,299,721.4763252072709,24.17046064575533,0.999271060018842,4.246645556286264,1.0055750050754064,26.860311338613908,306,306,26.0,32.0,14.0,14.0,6.0,0,1
H3K4me1_TDH_BP/samples/macrophage/ERS257378/problems/chr2:16329724-21153113,2.148586775343054,35,241750,242963,223,662.1920343411846,21.840273009307136,0.9992082095184164,5.478699422523658,1.0050217374218715,25.733092203254248,222,222,22.0,27.0,12.0,12.0,5.0,0,1
H3K4me1_TDH_BP/samples/macrophage/ERS257378/problems/chr3:60000-66170270,1.7295819119994358,66,4154339,4186640,258,985.6796532373844,29.117137046350816,0.999461671894543,3.142090459526871,1.0077754867321822,31.395535562200312,257,257,34.0,41.0,16.0,16.0,7.0,0,1
H3K4me1_TDH_BP/samples/macrophage/ERS257378/problems/chr4:75452279-190000000,2.275439409946992,154,5500508,5532456,227,563.7833565518664,19.9993940559672,0.9990491556980252,5.97688833075368,1.005808373664464,23.744122568582448,226,226,19.0,24.0,11.0,11.0,5.0,0,1
H3K4me1_TDH_BP/samples/macrophage/ERS257378/problems/chr5:91686128-138787073,2.1576867419016423,77,2409344,2425497,287,651.9164792837815,21.942506341975243,0.9991784153065526,5.531552652733341,1.0067047323689486,25.53265515538448,286,286,21.0,27.0,12.0,12.0,6.0,0,1
H3K4me1_TDH_BP/samples/macrophage/ERS358691/problems/chr1:149509645-205922707,1.789382354602803,133,3849204,3917808,641,1775.5154302963826,40.05025558531062,0.9996468249687848,6.625347785147385,1.0178231701471707,42.13686545409355,781,781,51.0,60.0,24.0,24.0,9.0,0,1
H3K4me1_TDH_BP/samples/macrophage/ERS358691/problems/chr2:162200000-234003741,1.7678585401264102,103,3895819,3934841,304,1226.125746485423,31.14260441771037,0.9995582805052162,3.379689052265804,1.0100166383542557,35.016078399578426,303,303,38.0,45.0,17.0,17.0,7.0,0,1
H3K4me1_TDH_BP/samples/macrophage/ERS358691/problems/chr2:16329724-21153113,2.0668693952632027,95,232952,235035,284,1444.703542656158,30.47442820838628,0.999627680871554,4.799122074846444,1.008946087374598,38.00925601292609,283,283,35.0,41.0,14.0,14.0,6.0,0,1
H3K4me1_TDH_BP/samples/macrophage/ERS358691/problems/chr3:60000-66170270,1.6619029202078217,77,4230744,4288940,340,1796.9818104803996,38.87081562959139,0.999699159698532,2.94573514068776,1.0137557398310415,42.39082224350455,339,339,50.0,58.0,22.0,22.0,8.0,0,1
H3K4me1_TDH_BP/samples/macrophage/ERS358691/problems/chr4:75452279-190000000,2.058736140665188,135,4981414,5025190,265,931.0206644107502,24.967206700748022,0.9994139691807792,4.659871949084724,1.0087880687668338,30.512631227259806,264,264,28.0,33.0,12.0,12.0,5.0,0,1
H3K4me1_TDH_BP/samples/macrophage/ERS358691/problems/chr5:91686128-138787073,1.948483172604168,93,2263565,2285497,269,1048.9472953718748,27.537532167178764,0.9994767455009542,4.300702992552647,1.009689586863901,32.387455833576595,268,268,32.0,38.0,14.0,14.0,6.0,0,1
H3K4me1_TDH_BP/samples/macrophage/ERS358696/problems/chr1:149509645-205922707,3.8209111031084575,142,5010916,5094419,641,733.3310209069526,25.04427334243879,0.9991625269545704,73.36922055417945,1.0166644215677176,27.080085319417897,1069,1069,26.0,33.0,15.0,15.0,7.0,0,1
H3K4me1_TDH_BP/samples/macrophage/ERS358696/problems/chr2:162200000-234003741,2.298776676835056,96,5689644,5747769,385,471.00289921718377,20.111140345511952,0.9988273407642716,8.526506041828155,1.0102161067047617,21.702601208546035,483,483,19.0,25.0,13.0,13.0,6.0,0,1
H3K4me1_TDH_BP/samples/macrophage/ERS358696/problems/chr2:16329724-21153113,2.623754531739688,41,355093,357844,196,447.1880580639122,18.4590262269321,0.9987991662733582,8.739334682496542,1.0077501041983483,21.146821464794943,195,195,16.0,22.0,12.0,12.0,6.0,0,1
H3K4me1_TDH_BP/samples/macrophage/ERS358696/problems/chr3:60000-66170270,1.984438170755904,112,5743071,5818873,227,676.018920254778,24.173582914089,0.9991653978936522,4.540155602580445,1.0131990381451037,26.000363848507543,226,226,25.0,32.0,14.0,14.0,7.0,0,1
H3K4me1_TDH_BP/samples/macrophage/ERS358696/problems/chr4:75452279-190000000,2.5173227127160507,126,8134700,8208904,254,342.93122871572854,16.89033191144111,0.9983851094927256,8.250283825124992,1.0091220338945546,18.51840243422009,254,254,14.0,20.0,11.0,11.0,6.0,0,1
H3K4me1_TDH_BP/samples/macrophage/ERS358696/problems/chr5:91686128-138787073,2.4134626315924,96,3468126,3503440,211,381.9860068244857,17.94373531988169,0.9985320800973032,7.475019116820568,1.010182735628041,19.544462305842178,210,210,16.0,22.0,12.0,12.0,6.0,0,1
H3K4me1_TDH_BP/samples/macrophage/ERS422247/problems/chr1:149509645-205922707,3.2913781301931606,87,3900321,3924272,456,293.793608347935,17.74772102091084,0.9981090056406964,43.37763341567948,1.0061410345817778,17.140408640051,543,543,15.0,22.0,13.0,13.0,7.0,0,1
H3K4me1_TDH_BP/samples/macrophage/ERS422247/problems/chr2:162200000-234003741,2.220346626929751,59,4730413,4745389,212,192.20833778841657,15.20483835132366,0.9972963717981852,7.001349093067998,1.0031661089985398,13.863922164684013,211,211,13.0,19.0,11.0,11.0,6.0,0,1
H3K4me1_TDH_BP/samples/macrophage/ERS422247/problems/chr2:16329724-21153113,2.4649961622049013,34,303918,304798,130,164.92193657236467,14.046667193124462,0.996837017419541,8.790548826484281,1.0028988177693252,12.842193604379458,129,129,12.0,18.0,11.0,11.0,6.0,0,1
H3K4me1_TDH_BP/samples/macrophage/ERS422247/problems/chr3:60000-66170270,2.105939741662239,63,4538141,4553992,196,276.0746766735519,17.299132398045806,0.9981119020515782,5.558175197852091,1.0034930610338155,16.615495077594044,196,196,14.0,21.0,12.0,12.0,7.0,0,1
H3K4me1_TDH_BP/samples/macrophage/ERS422247/problems/chr4:75452279-190000000,2.3997514280658616,57,7221805,7252268,187,144.57651464619724,13.676392259275902,0.9963568612571364,9.021055368949805,1.0042183365818291,12.023997448693892,186,186,11.0,17.0,11.0,11.0,6.0,0,1
H3K4me1_TDH_BP/samples/macrophage/ERS422247/problems/chr5:91686128-138787073,2.320354056939036,45,2992590,3005362,148,163.03746002769702,14.257064950427557,0.9967678338849372,7.900913353787098,1.0042682105695102,12.7686122984331,147,147,12.0,18.0,11.0,11.0,6.0,0,1
H3K4me1_TDH_BP/samples/mantle/ERS333895/problems/chr1:149509645-205922707,2.3716609572467333,93,3388287,3407454,298,1010.4775858683648,25.334222278101,0.9994578506872764,6.481565816712145,1.0056571375615873,31.788010096078125,297,297,24.0,30.0,13.0,13.0,6.0,0,1
H3K4me1_TDH_BP/samples/mantle/ERS333895/problems/chr2:162200000-234003741,2.5343728726252874,92,4062658,4075402,298,736.1287440351449,21.643955755074632,0.9992916731033932,7.86427152915276,1.0031371095320132,27.13169261279408,297,297,19.0,25.0,11.0,11.0,6.0,0,1
H3K4me1_TDH_BP/samples/mantle/ERS333895/problems/chr2:16329724-21153113,3.91210271634362,29,226234,226965,311,707.6061617207325,17.456907449808604,0.999265752676728,21.09512307778921,1.003235602233096,26.600867687365625,310,310,12.0,17.0,9.0,9.0,5.0,0,1
H3K4me1_TDH_BP/samples/mantle/ERS333895/problems/chr3:60000-66170270,2.410404165912428,73,3842777,3856919,278,1039.357504864358,25.041447630190355,0.9994970883508708,6.616468594113584,1.0036804122852854,32.239067990008,277,277,23.0,29.0,12.0,12.0,6.0,0,1
H3K4me1_TDH_BP/samples/mantle/ERS333895/problems/chr4:75452279-190000000,3.051888280163092,75,6026360,6049543,308,531.3004652499484,18.10125133579806,0.9990144159835892,12.39707464758768,1.0038470990526784,23.049955862212588,307,307,15.0,20.0,10.0,10.0,5.0,0,1
H3K4me1_TDH_BP/samples/mantle/ERS333895/problems/chr5:91686128-138787073,2.5391799863896987,46,2815463,2827535,316,873.9079408869112,23.682972569698126,0.9994011264417114,7.953175213763563,1.0042881061793767,29.561933984212047,315,315,22.0,28.0,12.0,12.0,6.0,0,1
H3K4me1_TDH_BP/samples/mantle/ERS333896/problems/chr1:149509645-205922707,2.3111077821890604,107,5043043,5108306,378,1991.316940283104,34.12022840178043,0.9997051307877166,5.704845966006021,1.0129413952927615,44.62417439329386,377,377,31.0,39.0,16.0,16.0,8.0,0,1
H3K4me1_TDH_BP/samples/mantle/ERS333896/problems/chr2:162200000-234003741,2.9223843871672712,73,4273461,4295584,251,637.385496252581,18.539769755708548,0.999171777681361,10.189182904166776,1.005177069634441,25.246494731993607,250,250,14.0,19.0,10.0,10.0,5.0,0,1
H3K4me1_TDH_BP/samples/mantle/ERS333896/problems/chr2:16329724-21153113,2.371510072518297,24,317547,318912,260,1275.629985439077,25.667712181188925,0.9995962373415374,5.805247317863598,1.0043017389606546,35.715962613922045,259,259,20.0,26.0,11.0,11.0,6.0,0,1
H3K4me1_TDH_BP/samples/mantle/ERS333896/problems/chr3:60000-66170270,2.4498397088298005,73,4454618,4482504,274,896.6328708699423,23.05096823117044,0.9994011781804024,6.684063427921589,1.0062602463915529,29.9438285940516,273,273,19.0,25.0,11.0,11.0,6.0,0,1
H3K4me1_TDH_BP/samples/mantle/ERS333896/problems/chr4:75452279-190000000,3.267086615392201,66,6045070,6080145,251,467.98831602629,15.548596128746237,0.9988609220732376,12.986429584019776,1.0058024151585367,21.63303760516054,250,250,11.0,16.0,9.0,9.0,5.0,0,1
H3K4me1_TDH_BP/samples/mantle/ERS333896/problems/chr5:91686128-138787073,2.951187793898459,103,2792398,2810927,253,771.6384420362958,19.77471083993041,0.9992971251400256,10.280863713194767,1.0066358759159246,27.77838083899592,252,252,15.0,20.0,10.0,10.0,5.0,0,1
H3K4me1_TDH_BP/samples/myeloid/ERS255951/problems/chr1:149509645-205922707,12.040211866648711,109,4111132,4142796,674,567.8470618224882,19.91868395371397,0.9989890914173234,518.2776800048485,1.0077022600350125,23.82954178792551,1409,1409,17.0,24.0,13.0,13.0,7.0,0,1
H3K4me1_TDH_BP/samples/myeloid/ERS255951/problems/chr2:162200000-234003741,3.197013190611806,50,4671569,4690150,398,276.71769922339195,15.987806666239972,0.9981023352034912,23.95194203265532,1.0039776794429622,16.63483391030376,500,500,13.0,19.0,11.0,11.0,6.0,0,1
H3K4me1_TDH_BP/samples/myeloid/ERS255951/problems/chr2:16329724-21153113,2.461070078115553,25,319047,319950,142,226.2187878851542,15.61030819910546,0.997718089826828,8.454395800306104,1.0028334472145082,15.04057139490233,141,141,13.0,19.0,12.0,12.0,6.0,0,1
H3K4me1_TDH_BP/samples/myeloid/ERS255951/problems/chr3:60000-66170270,2.683111770436406,109,4744599,4765554,236,404.6838204476847,18.761619896644586,0.9986941725357996,9.79034655892685,1.0044168125518749,20.11675471957852,235,235,15.0,22.0,13.0,13.0,7.0,0,1
H3K4me1_TDH_BP/samples/myeloid/ERS255951/problems/chr4:75452279-190000000,3.0049751468844743,85,6655431,6686346,269,183.5235460805104,13.564676427416948,0.99710324254046,15.129525787172566,1.0046452295343802,13.547086257956371,269,269,12.0,17.0,10.0,10.0,5.0,0,1
H3K4me1_TDH_BP/samples/myeloid/ERS255951/problems/chr5:91686128-138787073,2.872498334667908,61,2933403,2947696,205,257.1611135139508,15.353302972690765,0.9979302185682976,11.870906273656615,1.004872840476689,16.036243747023516,204,204,13.0,19.0,11.0,11.0,6.0,0,1
H3K4me1_TDH_BP/samples/myeloid/ERS365962/problems/chr1:149509645-205922707,13.287943938609969,110,5681652,5764578,655,389.0665306460177,18.2738976269578,0.9984731918241972,682.3697474503132,1.0145955814603889,19.724769470034826,1391,1391,16.0,23.0,13.0,13.0,7.0,0,1
H3K4me1_TDH_BP/samples/myeloid/ERS365962/problems/chr2:162200000-234003741,3.174558921922173,61,6627102,6691567,373,208.5011208950971,15.4609992422027,0.9973479759885502,26.910870451222465,1.0097276320369948,14.439567891564383,485,485,14.0,20.0,12.0,12.0,6.0,0,1
H3K4me1_TDH_BP/samples/myeloid/ERS365962/problems/chr2:16329724-21153113,2.513394290545506,54,447849,450764,167,172.3000817750702,15.010637513983507,0.9969048338664652,11.435862767586876,1.0065111377074365,13.126312573417952,166,166,14.0,20.0,12.0,12.0,6.0,0,1
H3K4me1_TDH_BP/samples/myeloid/ERS365962/problems/chr3:60000-66170270,2.6471817260806723,121,6634709,6712442,233,298.1861485993237,17.734284955074894,0.99811004470204,10.633674933852568,1.011716265433234,17.268067309323406,232,232,15.0,22.0,13.0,13.0,7.0,0,1
H3K4me1_TDH_BP/samples/myeloid/ERS365962/problems/chr4:75452279-190000000,2.5328368295380166,70,9733569,9825576,274,141.67767999468637,13.754966343794347,0.996054952061762,13.83340330477894,1.0094526488128506,11.9028433575632,286,286,12.0,18.0,11.0,11.0,6.0,0,1
H3K4me1_TDH_BP/samples/myeloid/ERS365962/problems/chr5:91686128-138787073,2.8336412190385625,58,4201944,4243890,256,183.93484608396128,14.865965372218191,0.9969572977225014,15.709834214455803,1.0099827627361913,13.562258148404393,256,256,13.0,19.0,12.0,12.0,6.0,0,1
H3K4me1_TDH_BP/samples/myeloid/ERS365963/problems/chr1:149509645-205922707,25.476175917951785,115,5483670,5565346,642,354.76603139330194,17.850358427841208,0.9983202770102276,1757.549146050454,1.014894589735449,18.835233775913213,1603,1603,17.0,24.0,14.0,14.0,7.0,0,1
H3K4me1_TDH_BP/samples/myeloid/ERS365963/problems/chr2:162200000-234003741,3.1752129156368043,66,6465814,6534487,408,174.30471793694565,15.81005918203029,0.9967625899491526,56.35768720234656,1.010621092815397,13.202451209413564,612,612,15.0,22.0,13.0,13.0,7.0,0,1
H3K4me1_TDH_BP/samples/myeloid/ERS365963/problems/chr2:16329724-21153113,1.6527557828206754,50,447623,451282,116,161.49452435807314,15.960299180337024,0.9966067588507542,4.40268989867722,1.0081765418142987,12.70804958906256,115,115,15.0,22.0,13.0,13.0,7.0,0,1
H3K4me1_TDH_BP/samples/myeloid/ERS365963/problems/chr3:60000-66170270,2.0182463612036226,66,6469122,6545206,179,217.01699092721609,17.449127563214915,0.9974015098009988,6.917060721970399,1.0117612578277635,14.731496561015655,178,178,16.0,23.0,14.0,14.0,7.0,0,1
H3K4me1_TDH_BP/samples/myeloid/ERS365963/problems/chr4:75452279-190000000,2.1663199598420784,66,9569919,9672203,357,135.58722688645702,14.60648851886834,0.9957982697679244,20.02301008792948,1.0106881793553508,11.64419283962856,375,375,14.0,20.0,12.0,12.0,6.0,0,1
H3K4me1_TDH_BP/samples/myeloid/ERS365963/problems/chr5:91686128-138787073,1.810256477206422,50,4116556,4161212,158,154.17317175281943,15.356885950294371,0.9963007213209925,6.103440448364001,1.0108481485125305,12.41664897437386,157,157,15.0,21.0,13.0,13.0,6.0,0,1
H3K4me1_TDH_BP/samples/myeloid/ERS365965/problems/chr1:149509645-205922707,6.867847000473035,160,4331922,4373596,684,634.0465934226811,21.567325542796016,0.9990806286693036,189.9759958733063,1.0096204432167624,25.18028183763401,1179,1179,19.0,26.0,14.0,14.0,7.0,0,1
H3K4me1_TDH_BP/samples/myeloid/ERS365965/problems/chr2:162200000-234003741,3.1152049145290683,99,4916063,4942020,358,347.85025484301946,17.249352174697517,0.9984688396905672,15.611479231754975,1.0052802426006833,18.65074408282467,385,385,15.0,21.0,12.0,12.0,6.0,0,1
H3K4me1_TDH_BP/samples/myeloid/ERS365965/problems/chr2:16329724-21153113,2.800506468412414,37,319558,320722,184,285.5854980556419,16.31437485526884,0.9981682425538478,11.36792989356147,1.0036456719771434,16.899275074855783,183,183,14.0,20.0,12.0,12.0,6.0,0,1
H3K4me1_TDH_BP/samples/myeloid/ERS365965/problems/chr3:60000-66170270,2.6439850571743806,106,4913128,4946956,254,540.6393441481914,20.772734396498524,0.9990053285554448,9.146117358557598,1.006885431620229,23.2516525036005,253,253,17.0,24.0,14.0,14.0,7.0,0,1
H3K4me1_TDH_BP/samples/myeloid/ERS365965/problems/chr4:75452279-190000000,3.268707496594568,92,7178933,7221226,271,236.80540694653425,14.937929633832772,0.9977227255037596,18.131932603287385,1.0058914055739767,15.38848293193758,270,270,13.0,19.0,11.0,11.0,6.0,0,1
H3K4me1_TDH_BP/samples/myeloid/ERS365965/problems/chr5:91686128-138787073,3.1156123260745696,71,3131240,3150884,290,307.86582688864985,16.512714771144978,0.9982333401521396,15.323182724256682,1.006273874335367,17.546105747106672,289,289,14.0,20.0,12.0,12.0,6.0,0,1
H3K4me1_TDH_BP/samples/myeloid/ERS365966/problems/chr1:149509645-205922707,9.09209068903206,113,3899823,3925428,535,198.6285280403296,14.9476712148218,0.997230429869742,337.31838953086725,1.006565940701909,14.093563354962065,785,785,11.0,18.0,12.0,12.0,7.0,0,1
H3K4me1_TDH_BP/samples/myeloid/ERS365966/problems/chr2:162200000-234003741,3.1189194840280177,45,4637309,4653903,299,109.1395021912152,12.787740260569224,0.995238351355184,27.62839308304167,1.0035785848168808,10.446985315927998,343,343,10.0,16.0,10.0,10.0,6.0,0,1
H3K4me1_TDH_BP/samples/myeloid/ERS365966/problems/chr2:16329724-21153113,2.366790321771259,20,311153,312125,107,92.16989471484476,12.529183392093278,0.9944028273653884,9.27125801234038,1.0031270890111583,9.60051533589967,106,106,10.0,16.0,10.0,10.0,6.0,0,1
H3K4me1_TDH_BP/samples/myeloid/ERS365966/problems/chr3:60000-66170270,2.481873310489436,73,4535526,4553731,158,153.2838546868111,14.433152847100866,0.9965845042683956,8.899692155650245,1.004014088776933,12.38078570555242,157,157,11.0,18.0,11.0,11.0,7.0,0,1
H3K4me1_TDH_BP/samples/myeloid/ERS365966/problems/chr4:75452279-190000000,2.801853753273769,49,6934819,6968847,248,79.58773585829847,11.57780426569172,0.9933826024082312,19.57438982747769,1.0049069780922877,8.921195876019004,255,255,9.0,15.0,10.0,10.0,6.0,0,1
H3K4me1_TDH_BP/samples/myeloid/ERS365966/problems/chr5:91686128-138787073,2.609050668076594,56,2966952,2982326,152,98.36359258768069,12.43626489407311,0.9946050797601468,11.91217898242074,1.0051820876044129,9.91784213363374,151,151,10.0,16.0,10.0,10.0,6.0,0,1
H3K4me1_TDH_BP/samples/tcell/ERS164475/problems/chr1:149509645-205922707,1.6559746323078814,174,2991559,3031374,430,3795.894877113024,48.99766442848027,0.9998335749618816,2.353089482628008,1.0133094528001798,61.61083408876255,429,429,68.0,74.0,18.0,18.0,6.0,0,1
H3K4me1_TDH_BP/samples/tcell/ERS164475/problems/chr2:162200000-234003741,1.7947407753926403,139,3483693,3510798,447,3239.2543972278645,43.699052413631165,0.9998341969016066,3.1660218934291136,1.0077808256298204,56.91444805344127,446,446,60.0,65.0,15.0,15.0,5.0,0,1
H3K4me1_TDH_BP/samples/tcell/ERS164475/problems/chr2:16329724-21153113,2.565772155300759,22,148275,148834,262,1296.8753358018837,22.09638846737481,0.999605509701322,6.913014360394556,1.0037767916155227,36.012155389560945,261,261,16.0,19.0,7.0,7.0,3.0,0,1
H3K4me1_TDH_BP/samples/tcell/ERS164475/problems/chr3:60000-66170270,1.7249937060663825,115,3434931,3464804,462,3813.4520189176783,48.38335238757343,0.999861691122059,2.777904619947192,1.008697120465337,61.75315391878927,461,461,67.0,73.0,17.0,17.0,6.0,0,1
H3K4me1_TDH_BP/samples/tcell/ERS164475/problems/chr4:75452279-190000000,2.448685083047285,180,4210875,4239932,469,2265.7238034881534,30.47411357496957,0.9997589707136968,6.633515306372309,1.0069007051742702,47.59961978302088,468,468,29.0,33.0,9.0,9.0,4.0,0,1
H3K4me1_TDH_BP/samples/tcell/ERS164475/problems/chr5:91686128-138787073,2.208807934844302,105,1972121,1989205,453,3342.6642982267017,39.28793212992509,0.9998401012634548,5.255225875826829,1.0086632659270227,57.81577897275709,452,452,46.0,51.0,11.0,11.0,5.0,0,1
H3K4me1_TDH_BP/samples/tcell/ERS206539/problems/chr1:149509645-205922707,5.616787932547232,152,3273018,3291294,579,552.6541734759694,19.321843326251184,0.9990063956134796,117.1188028251,1.0055841445369822,23.50859786282392,893,893,14.0,21.0,12.0,12.0,7.0,0,1
H3K4me1_TDH_BP/samples/tcell/ERS206539/problems/chr2:162200000-234003741,2.708356930527375,53,4122439,4132811,264,418.0976157550666,17.89866072002521,0.998768607583166,8.958390599640675,1.002516229473918,20.44743543222637,271,271,14.0,20.0,11.0,11.0,6.0,0,1
H3K4me1_TDH_BP/samples/tcell/ERS206539/problems/chr2:16329724-21153113,3.062574459104132,25,232750,233411,127,167.14453021721096,12.591815252416756,0.99691956576915,12.430027889636898,1.002844265711131,12.928438815928663,126,126,10.0,15.0,9.0,9.0,5.0,0,1
H3K4me1_TDH_BP/samples/tcell/ERS206539/problems/chr3:60000-66170270,2.665209963819986,30,3748008,3758460,215,487.69719994778166,18.793725893861485,0.9989435325996744,8.508457587363235,1.002788948900042,22.08386741374304,214,214,14.0,20.0,11.0,11.0,6.0,0,1
H3K4me1_TDH_BP/samples/tcell/ERS206539/problems/chr4:75452279-190000000,3.590514665285848,53,6072680,6095704,227,246.7479514119782,14.185508869230718,0.9978829257046334,17.88546605706464,1.00379157205576,15.708212864994485,226,226,10.0,16.0,10.0,10.0,6.0,0,1
H3K4me1_TDH_BP/samples/tcell/ERS206539/problems/chr5:91686128-138787073,3.068036440013578,65,2580458,2590432,199,365.5312237282629,16.41292320975579,0.9985709074842712,11.702915104933394,1.003865594350148,19.11887088005625,198,198,12.0,18.0,11.0,11.0,6.0,0,1
H3K4me1_TDH_BP/samples/tcell/ERS206601/problems/chr1:149509645-205922707,3.829302696035275,155,3752798,3859034,866,2303.029927936908,37.32174393612446,0.9997326196673034,52.28657665378108,1.0283087521120913,47.98989401881304,1520,1520,38.0,46.0,19.0,19.0,8.0,0,1
H3K4me1_TDH_BP/samples/tcell/ERS206601/problems/chr2:162200000-234003741,2.478632781948349,87,4401132,4486574,502,1557.8533849412793,31.545812986295346,0.9996443450817928,7.928113252050809,1.019413873388454,39.469651441851866,507,507,31.0,38.0,17.0,17.0,7.0,0,1
H3K4me1_TDH_BP/samples/tcell/ERS206601/problems/chr2:16329724-21153113,3.1397497748628256,38,232332,234398,224,592.5950820880864,19.60365769674432,0.9991021541116164,12.955167800467994,1.008896789494299,24.34327591118513,223,223,17.0,23.0,12.0,12.0,6.0,0,1
H3K4me1_TDH_BP/samples/tcell/ERS206601/problems/chr3:60000-66170270,2.2621152263932567,93,4397430,4499935,437,1984.2018928797395,35.79815346691136,0.9997174275277928,5.952722110830659,1.0233104388950909,44.54438115946544,436,436,36.0,44.0,18.0,18.0,8.0,0,1
H3K4me1_TDH_BP/samples/tcell/ERS206601/problems/chr4:75452279-190000000,3.136455660773601,92,5841015,5924210,407,888.0102954912068,23.04712383036168,0.9993696257887,13.614867515258258,1.0142434173244577,29.7995015980336,406,406,20.0,26.0,14.0,14.0,6.0,0,1
H3K4me1_TDH_BP/samples/tcell/ERS206601/problems/chr5:91686128-138787073,3.0036941451985784,129,2603918,2653786,507,1553.5079183817454,28.792975047601345,0.9996326605390048,12.09293389240652,1.019151532095685,39.41456480010588,514,514,24.0,31.0,15.0,15.0,7.0,0,1
H3K4me1_TDH_BP/samples/tcell/ERS358697/problems/chr1:149509645-205922707,4.870185258119606,137,3514057,3538181,679,985.1842579823472,23.122507119264142,0.9994319588980932,91.68848747278614,1.006865286153664,31.387644989427724,1171,1171,18.0,24.0,11.0,11.0,6.0,0,1
H3K4me1_TDH_BP/samples/tcell/ERS358697/problems/chr2:162200000-234003741,2.700163397404794,111,4264042,4279059,365,646.5212068121378,19.68716138349481,0.9991919642667538,9.083224906588615,1.0035220111626506,25.42678129083856,390,390,14.0,20.0,10.0,10.0,6.0,0,1
H3K4me1_TDH_BP/samples/tcell/ERS358697/problems/chr2:16329724-21153113,3.3922028753586626,32,238356,239116,166,270.24669561538,12.82981338837705,0.9980909050432376,13.687081347895964,1.0031927167460302,16.439181719762693,165,165,8.0,13.0,8.0,8.0,5.0,0,1
H3K4me1_TDH_BP/samples/tcell/ERS358697/problems/chr3:60000-66170270,2.4945324059130525,90,4085841,4101506,318,854.2150502417057,22.45682834941448,0.9993864966587652,7.0836511312220765,1.0038342176884067,29.22695759468826,317,317,18.0,24.0,11.0,11.0,6.0,0,1
H3K4me1_TDH_BP/samples/tcell/ERS358697/problems/chr4:75452279-190000000,3.4961295802997507,90,5996879,6024291,300,336.67541215404884,14.20659713160796,0.998426630524802,15.903990801702054,1.004571211887252,18.348716907567376,299,299,10.0,15.0,9.0,9.0,5.0,0,1
H3K4me1_TDH_BP/samples/tcell/ERS358697/problems/chr5:91686128-138787073,3.174417288416933,66,2604673,2616402,249,584.9366469597783,17.556338166057696,0.999101361699594,12.236155711852048,1.0045034461152882,24.185463546514427,248,248,12.0,17.0,9.0,9.0,5.0,0,1
